"","time","d2_bw1","k_bw1","UD2_1","UD2_2","U_K","do","mf_xe","p_atm","x_loc_fit","x_vel_fit","y_loc_fit","y_vel_fit","tot_vel_fit","x_acc_fit","y_acc_fit","tot_acc_fit","vRatio"
"1",0,11.8435521632081,-0.435318394514058,0.249067980219257,0.299933823985392,0.979877042443673,3.449,0.4,0.7,0.00902877950242567,-0.175744138290539,0.00428507839634055,-0.389532619926745,0.427342560635467,0.542775615158742,-0.338699220369063,0.639783190064855,1
"2",0.033333063,11.8574896400433,-0.424878427126294,0.249874594648099,0.30060398043032,0.933810428280247,3.449,0.4,0.7,0.00360075339317714,-0.159436153780021,-0.00873118471316874,-0.40298628413174,0.433379547660563,0.548904153876998,-0.331277186700027,0.641124281689056,1.01412680968663
"3",0.06666708,11.8711321541304,-0.414296009868285,0.250732458923646,0.301317450470261,0.887139100815362,3.449,0.4,0.7,-0.00134395192919183,-0.142396987331991,-0.0222318086715489,-0.416277257612545,0.439958699432854,0.553564387736711,-0.322961705680643,0.640888285668002,1.02952230823587
"4",0.099999905,11.8844699308586,-0.403576406137574,0.251409150755831,0.301880772961393,0.840027943902322,3.449,0.4,0.7,-0.00575739282580867,-0.124796339283612,-0.0362175257752426,-0.429337808075783,0.447107458830545,0.556978642225719,-0.313772126553326,0.639279403154365,1.04625071316484
"5",0.133332968,11.8974948421096,-0.392723866178703,0.251704784467447,0.302127023822438,0.792637215204795,3.449,0.4,0.7,-0.00960410129927682,-0.106781549028875,-0.0506867568334364,-0.44210193503058,0.454814709712416,0.559381779739357,-0.303741297549643,0.636527101812257,1.06428601222424
"6",0.166666985,11.9101986311553,-0.381742976785089,0.252189393851135,0.302530875070633,0.745127679234617,3.449,0.4,0.7,-0.0128591173270004,-0.0884780149190649,-0.0656337738785906,-0.454505289726986,0.463037166449767,0.561015272600071,-0.292916435764417,0.632880853266602,1.08352691517836
"7",0.200000048,11.9225722535765,-0.370639314442508,0.25330370227562,0.303460385530857,0.69766255451347,3.449,0.4,0.7,-0.0155064445339834,-0.0699893494605283,-0.081047733687281,-0.466486110568108,0.471707324928148,0.562121871571162,-0.281359543676446,0.628604956484185,1.10381545949158
"8",0.233333111,11.9346079710148,-0.359417633538175,0.254716156379158,0.304640378677174,0.650398908194159,3.449,0.4,0.7,-0.0175379888214588,-0.0513941726067648,-0.0969152484164366,-0.477988732185357,0.480743787348416,0.562940443551425,-0.269145020547581,0.623971942535426,1.12496117080765
"9",0.266666889,11.9462981427299,-0.348082873099055,0.255682358035763,0.305448699801993,0.603491387882572,3.449,0.4,0.7,-0.0189515533682514,-0.0327483832118499,-0.113219253479177,-0.488963696276997,0.490059132023732,0.563700614442925,-0.256359803310294,0.619256595828113,1.14675947861361
"10",0.299999952,11.9576346065956,-0.336640816266074,0.25658338742609,0.306203322488582,0.557094264791537,3.449,0.4,0.7,-0.0197492107929457,-0.014087523622128,-0.129938328835074,-0.499368302879942,0.499566972730382,0.564618032791392,-0.243103197269648,0.614729767845959,1.1690082354248
"11",0.333333015,11.9686101922404,-0.325096627852545,0.257401029926673,0.306888791270245,0.511354903362941,3.449,0.4,0.7,-0.0199359435317009,0.00457372869208582,-0.147049188926818,-0.509168924114754,0.509189465993087,0.565890383640972,-0.229484096664253,0.610651190876702,1.1915252841559
"12",0.366667032,11.9792180170372,-0.313455486074807,0.258107718376291,0.307481762524893,0.466416214126142,3.449,0.4,0.7,-0.019518083039394,0.0232381205366821,-0.164526254163914,-0.518340961915638,0.518861602978777,0.567694155793811,-0.215620427448727,0.607263388700175,1.21415850133724
"13",0.400000095,11.9894505450079,-0.301723671582086,0.259116163874311,0.308328763466756,0.422420715051476,3.449,0.4,0.7,-0.018502187090517,0.0419213774628313,-0.182340488238662,-0.526868464140221,0.528533613305584,0.570182210539204,-0.201639150742056,0.604785995478856,1.23679142213133
"14",0.43333292,11.9993013478518,-0.289906647950367,0.260019022356738,0.309087903333912,0.37950345508787,3.449,0.4,0.7,-0.0168939699581572,0.0606523948988794,-0.200462802583089,-0.534745801205506,0.538174492998217,0.573482958424767,-0.187672607982359,0.603410069016522,1.25935149590048
"15",0.466666937,12.0087644316492,-0.278009706652217,0.261129951635924,0.310023050177531,0.337795765422247,3.449,0.4,0.7,-0.0146974322986572,0.0794692945047727,-0.218863659401159,-0.541976928694074,0.547772178926375,0.577700498475332,-0.173857923792479,0.603294657364109,1.28181049440015
"16",0.5,12.0178330592336,-0.266039499923114,0.262009763312915,0.31076447041335,0.29743257130784,3.449,0.4,0.7,-0.0119146510730612,0.098414271874924,-0.237511215288402,-0.54857420349528,0.557332060489213,0.582915286264502,-0.160337384128735,0.60456456041524,1.30418102905652
"17",0.533333063,12.026501667103,-0.254001654353867,0.262959499830457,0.311565624790483,0.258547905222376,3.449,0.4,0.7,-0.00854504105752626,0.117534924920003,-0.256375520295568,-0.554559350833436,0.566877881181434,0.589187312247403,-0.147254222600032,0.607310048481711,1.32651866066997
"18",0.56666708,12.0347649370044,-0.241901860967085,0.263801604499306,0.312276682665242,0.221286487702308,3.449,0.4,0.7,-0.00458535729844622,0.136880492233669,-0.275427332644071,-0.55996204064948,0.576449265870346,0.596559138044679,-0.134752456871125,0.611588938599624,1.34891611313686
"19",0.599999905,12.0426170903567,-0.229747002614741,0.264596613261041,0.312948570454017,0.185821778284736,3.449,0.4,0.7,-3.01883046238326e-05,0.156498460833796,-0.294636778579234,-0.56481867763856,0.586098888288247,0.605058972294559,-0.122976339560639,0.617429785518873,1.37149664525973
"20",0.633333921,12.0500537419918,-0.217542371325707,0.265388588688357,0.313618467259181,0.152378487182498,3.449,0.4,0.7,0.0051288553178787,0.176437946024141,-0.313978154291363,-0.569172697286564,0.595892530691299,0.614706613290041,-0.112065687846856,0.624838330142366,1.39441419035163
"21",0.666666985,12.057069773836,-0.205294961555759,0.266411333588115,0.314484401305054,0.121311367705148,3.449,0.4,0.7,0.010901681312013,0.196743744238876,-0.333425100137362,-0.573072299657,0.605904251124957,0.62551498483789,-0.102156814499975,0.633802028243463,1.41784204742903
"22",0.700000048,12.0636610853128,-0.193010677373917,0.267337967476846,0.315269771552318,0.0932655781334328,3.449,0.4,0.7,0.0173006037105498,0.217460640127667,-0.35295536451825,-0.576570524050549,0.616216438606322,0.63749515894035,-0.0933771959061912,0.644297585272276,1.44197301034092
"23",0.733333111,12.0698236799527,-0.180695802789737,0.26824674550212,0.316040751284512,0.0696091637889781,3.449,0.4,0.7,0.0243395660148987,0.238631069959616,-0.372548791206058,-0.579723711328638,0.626916556669802,0.650656565386776,-0.0858434704806632,0.656294954654597,1.46701174752537
"24",0.766666889,12.0755540062537,-0.168356381244161,0.268971246128216,0.316655919325323,0.0533373773612163,3.449,0.4,0.7,0.0320343798034978,0.260296367758695,-0.392188596175587,-0.582590693537188,0.63809569444129,0.665006567697334,-0.0796569319905659,0.669760376474107,1.4931714114607
"25",0.799999952,12.0808484798893,-0.155999265401021,0.269823018479194,0.317379743054315,0.0489476766929551,3.449,0.4,0.7,0.040402124193455,0.282495093996766,-0.411859967430911,-0.585231542285394,0.649845701853896,0.680545180558703,-0.0748992520448456,0.684654395106433,1.5206669349469
"26",0.833333015,12.08570422514,-0.143630519564554,0.270730168948679,0.31815132308224,0.0566778144531356,3.449,0.4,0.7,0.0494623806629415,0.30526583668267,-0.431552855171528,-0.587706900582883,0.662258734965655,0.697259333055041,-0.0716262831264284,0.700928599763819,1.54971396712947
"27",0.866667032,12.0901186971545,-0.131256114353869,0.271345488024943,0.318675091388541,0.0708972135473277,3.449,0.4,0.7,0.0592372991735052,0.328645710580709,-0.451261082165336,-0.590076724513412,0.675424713713954,0.715110799392178,-0.0698628063310033,0.718515321420332,1.58052292453526
"28",0.900000095,12.0940893194782,-0.118883069375758,0.272236959306662,0.319434503478471,0.0871219600232598,3.449,0.4,0.7,0.0697511933229768,0.352667301234411,-0.470980691910841,-0.5923989488471,0.689427835204753,0.734019395963778,-0.0695967542391512,0.737311455120328,1.61329083201907
"29",0.93333292,12.097614220709,-0.106517406533264,0.273134733283402,0.320199972713608,0.103336338626771,3.449,0.4,0.7,0.0810328133450433,0.377361075825106,-0.49071330672968,-0.594728676654053,0.704346207757635,0.753847979466814,-0.0707736397183281,0.757162917888335,1.64820046641331
"30",0.966666937,12.1006918970471,-0.0941648504197838,0.273669585960022,0.320656330484102,0.11869729709823,3.449,0.4,0.7,0.0931156309738642,0.4027520792546,-0.510465018813499,-0.597116778717952,0.720248349370137,0.774382114446898,-0.0732928629101076,0.777842852335103,1.68541216278368
"31",1,12.1033208552469,-0.0818324078602156,0.274447457533086,0.321320473898528,0.132831221219058,3.449,0.4,0.7,0.106036823770104,0.428853839085462,-0.530243737517028,-0.599608276529921,0.73718769698193,0.795308235610319,-0.0770050755728593,0.799027515980257,1.72505096587084
"32",1.033333063,12.1055002452113,-0.0695258833184542,0.275107745780887,0.321884624964662,0.145568870623061,3.449,0.4,0.7,0.119840042627255,0.455670038318317,-0.550062878314634,-0.602241498554361,0.755201963981833,0.816201442601274,-0.0817130269843622,0.820281545375335,1.76720512662917
"33",1.06666708,12.107229510622,-0.0572510212455045,0.275785451846034,0.322464037452118,0.156838457698382,3.449,0.4,0.7,0.134574423488762,0.483188391760993,-0.569939087529365,-0.605046617632745,0.774307711082229,0.836512743394935,-0.0871749722796946,0.841042832235128,1.811913397839
"34",1.099999905,12.1085082896899,-0.045014634051792,0.276350382937916,0.322947324110191,0.166619478048107,3.449,0.4,0.7,0.150292612510715,0.511373876780042,-0.589889755256214,-0.60804425612284,0.794494215999731,0.855564379509609,-0.0931109847484654,0.86061609499619,1.85915068889535
"35",1.133332968,12.1093367436023,-0.0328221351443346,0.27716695849937,0.323646354658586,0.174923458709363,3.449,0.4,0.7,0.1670526768875,0.540170207537232,-0.609936182102758,-0.611245185355992,0.815723316898382,0.872561242368627,-0.0992145159985274,0.878183717606233,1.90882769945821
"36",1.166666985,12.109715292797,-0.0206791132191128,0.277579511791218,0.323999730503362,0.181781272354013,3.449,0.4,0.7,0.184914582025329,0.569492686547233,-0.630100054461839,-0.614649464248145,0.837923554944791,0.886606931182815,-0.105165309263021,0.892822262655785,1.96077721277933
"37",1.200000048,12.1096446790363,-0.00859201002779553,0.278163048241579,0.324499801859797,0.187236774487106,3.449,0.4,0.7,0.203936604966035,0.599223551433453,-0.650401175414439,-0.618246134201376,0.860986147999761,0.896734122854078,-0.11064518678558,0.903534417966294,2.01474467396708
"38",1.233333111,12.1091260158218,0.00343388663715722,0.278780047762722,0.32502885261248,0.191344091866722,3.449,0.4,0.7,0.224175360548693,0.629215139497673,-0.670859629299846,-0.622014234591184,0.884767426958708,0.901948628593846,-0.115356765125489,0.909295613033813,2.07039389112809
"39",1.266666889,12.1081607022454,0.015393315845496,0.279133331092619,0.325331917473311,0.194164335532546,3.449,0.4,0.7,0.245680902261115,0.659287033457972,-0.691492778100047,-0.625923519568029,0.909087259196961,0.901278287402986,-0.119040912488549,0.909105764028677,2.12730334616128
"40",1.299999952,12.1067505275539,0.027280375655297,0.279526246963471,0.325669100071658,0.195763828755654,3.449,0.4,0.7,0.268491742541707,0.689225937786135,-0.712313008168572,-0.629935794804806,0.933729885402379,0.893830161749315,-0.121493735813532,0.902049381073306,2.18496815298224
"41",1.333333015,12.1048975411071,0.0390900706556002,0.280015046382039,0.326088739763175,0.196213128297044,3.449,0.4,0.7,0.29263401445822,0.71879310532972,-0.73332949921003,-0.634007521884058,0.958451389521194,0.878849002636124,-0.122581815143602,0.887356676223495,2.24281753751828
"42",1.366667032,12.1026040473755,0.0508176265378997,0.280320276995348,0.326350881253213,0.195585655744785,3.449,0.4,0.7,0.318117058153291,0.747728043493875,-0.754546423132575,-0.638092128513014,0.98298463441574,0.855772460412492,-0.122252958155614,0.864460693020943,2.30022638736011
"43",1.400000095,12.0998728582297,0.0624574145849707,0.280593161678476,0.326585306437267,0.193956985357696,3.449,0.4,0.7,0.344928091417407,0.775753109382374,-0.775960604682237,-0.642142442870052,1.00704508521294,0.82428314968755,-0.120542829029381,0.833050589393726,2.35652887864818
"44",1.43333292,12.0967069156001,0.0740048905826713,0.280806710317273,0.326768799855814,0.191403989897915,3.449,0.4,0.7,0.373034328971059,0.802587022868697,-0.797565003024348,-0.646114317100836,1.03034442786862,0.784342972377516,-0.117575996296086,0.793106558555037,2.41105034409977
"45",1.466666937,12.093109330779,0.0854559117165149,0.281034103188003,0.326964229166869,0.188004023991193,3.449,0.4,0.7,0.402380693275072,0.827952746203409,-0.81934787833612,-0.649969272025689,1.05259954613489,0.736216016892512,-0.113561127493921,0.744922917627567,2.46312827949936
"46",1.5,12.0890838763268,0.0968052765672363,0.281191294911326,0.32709934933275,0.1838348466743,3.449,0.4,0.7,0.432885960286122,0.851584566082097,-0.841290655980979,-0.653676655628433,1.07354061092387,0.680481321587199,-0.108781568220289,0.689121367114332,2.51213127315823
"47",1.533333063,12.0846342716858,0.108049027654492,0.281620179596647,0.327468113800486,0.178973430176932,3.449,0.4,0.7,0.464449815842236,0.873243390386698,-0.863373266154854,-0.657216655503422,1.0929262331581,0.618010621857499,-0.103579696720235,0.626630578811271,2.55749446423707
"48",1.56666708,12.0797644489028,0.119183376880904,0.281598858087229,0.327449777639307,0.173495694842213,3.449,0.4,0.7,0.496952664333398,0.892723537321222,-0.885573353826503,-0.660581593644702,1.11055092451877,0.549940298055687,-0.09833863750308,0.558663421973857,2.59873700121831
"49",1.599999905,12.0744790545338,0.130203689317111,0.281454608299285,0.327325734602252,0.167476680445565,3.449,0.4,0.7,0.530255919615399,0.909859276519417,-0.907865560215252,-0.663776650645039,1.12625190122369,0.477629782282863,-0.093461888255877,0.486688127531307,2.63547796303961
"50",1.633333921,12.0687822801566,0.141107023134987,0.281503000852045,0.327367346399586,0.160988849418763,3.449,0.4,0.7,0.564213874023247,0.924535236755179,-0.930228031897385,-0.666820920118634,1.13991909515975,0.402582286652653,-0.0893505509251099,0.412378489348196,2.66745978557498
"51",1.666666985,12.0626792866974,0.151889139614702,0.281267222879013,0.327164623188498,0.154103373105622,3.449,0.4,0.7,0.598669656459527,0.936685670015947,-0.952637742118006,-0.669746131404917,1.15149464824856,0.326390530034258,-0.0863839389242768,0.337628439264404,2.69454707842875
"52",1.700000048,12.0561749352086,0.162547010862269,0.280930106809628,0.326874845945767,0.146888405056555,3.449,0.4,0.7,0.633468252712506,0.946299406942186,-0.975076833653698,-0.672596302656139,1.16097732705072,0.250640505554254,-0.0849003547088827,0.264629426281708,2.71673695529958
"53",1.733333111,12.0492744504437,0.173077494403539,0.280692193429757,0.326670395739204,0.13940960224196,3.449,0.4,0.7,0.668457751102514,0.953416649299914,-0.997530935051424,-0.67542575979841,1.1684191303473,0.176840806787518,-0.0851831308741537,0.196287637743143,2.73415109557502
"54",1.766666889,12.0419830922991,0.183477868479052,0.280392928420727,0.326413287579337,0.131729576144943,3.449,0.4,0.7,0.703496081434585,0.958125584513218,-1.01999104001162,-0.678297271950225,1.17392155821158,0.106344374110041,-0.0874506162480872,0.137683463738485,2.74702701379881
"55",1.799999952,12.0343067776865,0.193744943732653,0.280132631383364,0.326189716523633,0.123908398441086,3.449,0.4,0.7,0.738452414937985,0.960555784618792,-1.04245204996054,-0.68127953839546,1.17762864469278,0.0402898556324982,-0.0918508946376712,0.100298850006509,2.75570175585044
"56",1.833333015,12.0262511298366,0.203876402133697,0.279610868471447,0.325741734764455,0.11600250178522,3.449,0.4,0.7,0.773215196835397,0.960870632466733,-1.06491584113614,-0.684445202318919,1.17971929174461,-0.020457768757728,-0.0984618104847968,0.100564647995649,2.76059396000797
"57",1.866667032,12.0178218368388,0.213870185530741,0.279034857662642,0.325247431643681,0.108065052077334,3.449,0.4,0.7,0.80769255118776,0.959257231064987,-1.08738989083112,-0.687868419120044,1.18039713544772,-0.0753352288196486,-0.107295037072363,0.131101570096122,2.76218014347188
"58",1.900000095,12.0090254627099,0.223723579188206,0.278506068198908,0.324793888525653,0.100146696390105,3.449,0.4,0.7,0.841810316778411,0.955916435619938,-1.1098848772441,-0.691622416113766,1.17988041697427,-0.124089667750646,-0.118302189306424,0.171445774626144,2.76097099998596
"59",1.93333292,11.9998680538808,0.233434857754393,0.277990837853827,0.324352194274485,0.0922943214364666,3.449,0.4,0.7,0.875517711037481,0.951052162207991,-1.1324179111699,-0.69577821968736,1.1783919323518,-0.166781160419705,-0.131385432003893,0.212316007907537,2.75748788185175
"60",1.966666937,11.9903555397975,0.243002683334199,0.277253853198285,0.323720773373128,0.0845516691838441,3.449,0.4,0.7,0.908784066656117,0.944861274731983,-1.15501070051742,-0.700403030429168,1.1761493245003,-0.203752895179235,-0.146407305931136,0.250899066407058,2.75224008287717
"61",2,11.9804949760364,0.252424883783048,0.276497368610548,0.323073110686354,0.0769605854051102,3.449,0.4,0.7,0.941592316740708,0.937525752046309,-1.17768606201633,-0.705558419335011,1.17335724263522,-0.235584928682821,-0.163198071705853,0.286590071759296,2.74570649104178
"62",2.033333063,11.9702926391068,0.261700371152347,0.27576341462116,0.322445190448737,0.0695598637663707,3.449,0.4,0.7,0.973942556475089,0.92920434420345,-1.20047189517466,-0.711300350395492,1.17020036821021,-0.263046765016789,-0.181566675985742,0.319624871395061,2.73831926890244
"63",2.06666708,11.9597548508924,0.270828228034395,0.274943536290458,0.321744290000464,0.0623866030352007,3.449,0.4,0.7,1.00584517469705,0.920027852603663,-1.22339861572888,-0.717678180624385,1.16683898654049,-0.287029661484466,-0.201305537741152,0.350585148141135,2.73045349100117
"64",2.099999905,11.9488889938975,0.279806875282169,0.274079179224812,0.321005975777004,0.0554777810550158,3.449,0.4,0.7,1.03731393309084,0.910097164311649,-1.24649660935706,-0.724733495305298,1.16340684530629,-0.30847756363821,-0.222192208217402,0.380168100530135,2.72242213267099
"65",2.133332968,11.9377013766419,0.288635890511323,0.273130618123093,0.320196462435647,0.0488702746593511,3.449,0.4,0.7,1.06836831322831,0.899480669631801,-1.26980050535973,-0.732501007846241,1.1600100006194,-0.328325514362561,-0.243995089141511,0.409061421924158,2.71447336978195
"66",2.166666985,11.9261985506201,0.297314815756859,0.272112873442039,0.319328758324212,0.042604108134648,3.449,0.4,0.7,1.09902562264782,0.888216797716041,-1.2933459709146,-0.741007434272582,1.15672861873137,-0.347436005498472,-0.266471323375526,0.437856990464054,2.70679479481587
"67",2.200000048,11.9143880195666,0.305842684024399,0.271029007358275,0.318405657659552,0.0367264789969984,3.449,0.4,0.7,1.12929608301425,0.876318067809826,-1.31716805318305,-0.750270502645594,1.15362003411436,-0.366547466267495,-0.289365283067936,0.467000334124192,2.69952057290738
"68",2.233333111,11.9022763288649,0.314219439585643,0.269997995342724,0.317528514450418,0.0312968572396103,3.449,0.4,0.7,1.1591853437787,0.863773980186912,-1.341304748007,-0.760300005734086,1.1507222026046,-0.38623944502026,-0.312412874122078,0.496772294725436,2.6927395223482
"69",2.266666889,11.8898700931401,0.322445109236821,0.268902442251125,0.316597478588538,0.0263975566899487,3.449,0.4,0.7,1.18868990290906,0.850557776984434,-1.3657944486907,-0.771096773497056,1.14805869453015,-0.40690763223079,-0.335341669088757,0.527283468539363,2.6865067987213
"70",2.299999952,11.8771767313796,0.330519344378867,0.267726411060679,0.315599225568492,0.0221487578942712,3.449,0.4,0.7,1.21779466796627,0.83663357782892,-1.39067399871568,-0.782651759010842,1.14564371400256,-0.428754614509997,-0.357874156136629,0.558484047304953,2.68085564025958
"71",2.333333015,11.8642028594455,0.338442473468038,0.266495618350297,0.314555805223663,0.0187236007903378,3.449,0.4,0.7,1.24647682291101,0.821961001199397,-1.41598120744497,-0.79494742202762,1.14348646309481,-0.451799102965715,-0.379737994100324,0.59018926930601,2.67580758021017
"72",2.366667032,11.8509549551203,0.346215006937415,0.2651949478234,0.313454622475177,0.0163422658784948,3.449,0.4,0.7,1.27470493723604,0.806501711802162,-1.44175275671886,-0.807957481872478,1.14159550789828,-0.47589422805507,-0.40067446435947,0.622105571977843,2.67138266359593
"73",2.400000095,11.8374406096927,0.353836923271454,0.263833430156515,0.31230356845248,0.0151912122598733,3.449,0.4,0.7,1.30243786628891,0.790225999195227,-1.46802094550603,-0.82164627300027,1.13998233659094,-0.50075453137804,-0.420448289409156,0.653859208670127,2.66760777324814
"74",2.43333292,11.8236663425462,0.361308944194393,0.262553362802528,0.311222923832606,0.0152640487315139,3.449,0.4,0.7,1.3296313394907,0.773114213383719,-1.49481710497405,-0.835971923311456,1.13866353392957,-0.525995915407362,-0.438863482168528,0.685034932690527,2.66452171821209
"75",2.466666937,11.8096383007629,0.368632053636487,0.26120750409309,0.310088374813603,0.016300882126964,3.449,0.4,0.7,1.35623841533692,0.755160195200715,-1.52216948640204,-0.850887182912136,1.13766248002636,-0.551173270276069,-0.455773427128946,0.715207236221559,2.66217920895741
"76",2.5,11.7953640785525,0.375806561387723,0.259762490034992,0.308872127634041,0.0179355246330918,3.449,0.4,0.7,1.38220831411491,0.736375067261844,-1.55009912649147,-0.866339245452376,1.13701008258321,-0.57581542053545,-0.471087874022435,0.743967192541038,2.66065257083791
"77",2.533333063,11.7808499083141,0.382833568215409,0.258263692862824,0.307612703006789,0.0198590274813819,3.449,0.4,0.7,1.40749383312241,0.716783859462007,-1.57862497799614,-0.882274753828361,1.13674440505689,-0.599464519490146,-0.48478144838619,0.770954449255573,2.66003087398206
"78",2.56666708,11.7661019238402,0.389714257425658,0.256818692541964,0.30640052356183,0.0218652256655298,3.449,0.4,0.7,1.43205053907091,0.696426215350051,-1.6077614242135,-0.898640604475175,1.13691002697588,-0.62170144998462,-0.496891757370623,0.79587317548454,2.66041843640679
"79",2.599999905,11.7511275579079,0.39644926874472,0.25534173846508,0.305163633813679,0.0238293953284099,3.449,0.4,0.7,1.45583593349049,0.67535674837152,-1.63751579135995,-0.9153843830591,1.13755672663803,-0.642163640479018,-0.507512610254918,0.81850057466139,2.66193174147331
"80",2.633333921,11.7359321359336,0.403040250782517,0.253673531893776,0.303769157064147,0.025679350170209,3.449,0.4,0.7,1.47881588185959,0.653638148178262,-1.6678957080119,-0.932459882197326,1.13873801230193,-0.660560883084215,-0.516785058215776,0.838693911183383,2.66469600081163
"81",2.666666985,11.7205229367165,0.409488024636089,0.25214642188223,0.302495054617446,0.0273741465604882,3.449,0.4,0.7,1.50095858741303,0.631344517380691,-1.69890191764213,-0.94982381988034,1.14050917946272,-0.676672191083495,-0.524878011047389,0.856377358800898,2.66884060826229
"82",2.700000048,11.7049057368192,0.415794099541145,0.250476094150247,0.301104157627827,0.0288919743334208,3.449,0.4,0.7,1.52223994921155,0.608554145910836,-1.73053624022243,-0.967440355884411,1.14292562780744,-0.690345203811781,-0.531970561667033,0.871532660837371,2.67449520147931
"83",2.733333111,11.6890866402943,0.421959861228566,0.248825502411172,0.299732498488523,0.0302226197739212,3.449,0.4,0.7,1.54264043461379,0.585350058047038,-1.76279907412551,-0.985278985110025,1.1460407361674,-0.701483249982246,-0.538229344822142,0.884177345125584,2.68178468922733
"84",2.766666889,11.6730712989292,0.427986883202961,0.247106904728118,0.298307328713713,0.0313632485508444,3.449,0.4,0.7,1.56214563211104,0.561817247951006,-1.79569208415362,-1.0033146503358,1.1499038688837,-0.710032045379814,-0.543788118538436,0.894343906632015,2.69082458619092
"85",2.799999952,11.6568662859307,0.433876406750071,0.245550712203757,0.297019514954443,0.0323157197769161,3.449,0.4,0.7,1.58074398063007,0.538043549366936,-1.82921632325198,-1.02152478088778,1.15455781101823,-0.715963927370436,-0.548729310293169,0.902057759387122,2.70171501125789
"86",2.833333015,11.640477030949,0.439630110680712,0.243765353337864,0.295545237633655,0.0330851139418098,3.449,0.4,0.7,1.5984286820596,0.514115938400268,-1.86337715391627,-1.03988967847674,1.16003695696286,-0.719264961886569,-0.553071449764791,0.907320292918997,2.7145364487868
"87",2.866667032,11.6239087103413,0.445249744527694,0.242007739309855,0.294097238827342,0.0336785976349013,3.449,0.4,0.7,1.61519599168998,0.490121617815424,-1.89818278765382,-1.05838922459665,1.16636484471725,-0.719923023926807,-0.556761599247096,0.910094851527082,2.72934397871076
"88",2.900000095,11.6071678049986,0.450736614373519,0.240226941663861,0.292633599405762,0.0341046843478039,3.449,0.4,0.7,1.631043452933,0.466150325665683,-1.93364093666909,-1.07699873747411,1.1735511947244,-0.717921025753198,-0.559674748663475,0.910300183186869,2.7461603472851
"89",2.93333292,11.5902593743345,0.456092504747624,0.238376628042319,0.291116569086726,0.0343728470896364,3.449,0.4,0.7,1.64597259146239,0.442290596668924,-1.96976409640544,-1.09568971481616,1.1815908441824,-0.713234829869939,-0.561621008285727,0.907811698254367,2.76497347333097
"90",2.966666937,11.5731879715967,0.461319326294808,0.236675583590903,0.289725338671119,0.0344931049376135,3.449,0.4,0.7,1.65998791509172,0.418631366895911,-2.00656689287782,-1.11442681446744,1.19046182053571,-0.70583516349601,-0.562358026909136,0.902468740985845,2.78573194012191
"91",3,11.5559598546231,0.466418449675387,0.23496795265083,0.28833206337992,0.034475765545899,3.449,0.4,0.7,1.67309551691334,0.395265071552555,-2.04406021905309,-1.13316397356586,1.20012293860963,-0.695695384282865,-0.561608813692362,0.894089775877918,2.80833937257507
"92",3.033333063,11.5385795719448,0.471391752391542,0.233110051616406,0.286820041427728,0.0343312617629624,3.449,0.4,0.7,1.6853063777255,0.372282679214204,-2.08225731896782,-1.15184735717388,1.21051506701543,-0.68279973961169,-0.559083187101549,0.882490506755408,2.83265740069364
"93",3.06666708,11.5210515290639,0.476241110842195,0.231189651610609,0.285261450272964,0.0340699755926886,3.449,0.4,0.7,1.69663546417821,0.349775373443431,-2.12116911690633,-1.1704135440736,1.22156075412499,-0.667155014738618,-0.554500258084933,0.867505821252597,2.85850478433158
"94",3.099999905,11.5033816401509,0.480967962838875,0.229652697665219,0.284017255716818,0.0337021665078902,3.449,0.4,0.7,1.70710130992262,0.327835634524098,-2.16079918034865,-1.18878850381068,1.23316434835599,-0.648803911870571,-0.54761155929726,0.849014096428636,2.88565769466595
"95",3.133332968,11.4855738132739,0.485574270614852,0.227717956175698,0.282455142571058,0.0332378266669448,3.449,0.4,0.7,1.71672866698831,0.306551425168102,-2.20115034794553,-1.20689272361428,1.24521637581012,-0.62783207074649,-0.538220412017324,0.826954848205102,2.91385995805907
"96",3.166666985,11.467632196026,0.490061882958612,0.225881805157072,0.280976920584267,0.032686638240772,3.449,0.4,0.7,1.72554722397704,0.286007523803711,-2.24221881106389,-1.22464082609281,1.25759510837376,-0.604377494833713,-0.52619908522897,0.80134738631712,2.94282672548152
"97",3.200000048,11.4495622318679,0.494432298066653,0.224117764555729,0.279560749014337,0.0320579705139757,3.449,0.4,0.7,1.7335912847624,0.266284752940495,-2.28399093555978,-1.24194312668956,1.27016939798596,-0.578636339870703,-0.511502097910319,0.7723046095846,2.97225110482136
"98",3.233333111,11.4313677069593,0.49868739690144,0.222457648848355,0.278231640061188,0.031360747038267,3.449,0.4,0.7,1.74090096656594,0.247454727496095,-2.32644967780716,-1.25871138907817,1.28280481880732,-0.550858543268745,-0.494170986958602,0.740033849931071,3.00181853382391
"99",3.266666889,11.413052408886,0.502829011027824,0.220526341028471,0.276689911430478,0.0306034602757575,3.449,0.4,0.7,1.74752079313984,0.229580071925442,-2.36957082741091,-1.27486008869999,1.2953668419353,-0.521344634295971,-0.474336365805936,0.704837013525243,3.03121420906232
"100",3.299999952,11.3946211920269,0.50685869736911,0.218752171040049,0.275277954683507,0.0297942027537973,3.449,0.4,0.7,1.75349863413584,0.212713797626034,-2.41332079192897,-1.29030847243684,1.30772440282453,-0.490437940996425,-0.452215187370562,0.667104152031304,3.06013143385466
"101",3.333333015,11.3760776235121,0.510778268957911,0.216977964746185,0.273870183089355,0.0289405563661228,3.449,0.4,0.7,1.75888555930301,0.196895857000491,-2.45766279363953,-1.30498533569714,1.31975554739828,-0.458507060210809,-0.428099143065532,0.627293870970059,3.08828483040814
"102",3.366667032,11.3574250203383,0.514589542776989,0.215225269801075,0.272483681641572,0.0280496238200289,3.449,0.4,0.7,1.76373422685305,0.182153659678869,-2.50255538570322,-1.3188303307005,1.33135021572462,-0.425930691388387,-0.40234251667286,0.585915057486356,3.11541685374113
"103",3.400000095,11.3386681999522,0.518293994895761,0.213434793222453,0.27107167125672,0.0271281152190263,3.449,0.4,0.7,1.76809724413626,0.168503292261184,-2.54794932630879,-1.33179459744664,1.34241208624287,-0.393082346991265,-0.3753488186767,0.54350755946735,3.14130210725249
"104",3.43333292,11.3198104160617,0.521893388051401,0.211688910164768,0.269699155888088,0.0261822056234411,3.449,0.4,0.7,1.77202672466939,0.15594764985007,-2.59379620108834,-1.34384433509787,1.35286261921468,-0.36030640991722,-0.347548870814551,0.500610553855894,3.16575680457136
"105",3.466666937,11.3008544118684,0.525389531699698,0.209968891903999,0.268351216817426,0.0252175894605372,3.449,0.4,0.7,1.77557277499002,0.144478668061909,-2.64004723347833,-1.35496050792483,1.36264157560264,-0.327902931678383,-0.31938397745093,0.457740600838133,3.18863998375534
"106",3.5,11.281804872744,0.528783840176785,0.208286722425492,0.267037073715905,0.0242396191157161,3.449,0.4,0.7,1.77878211383303,0.134080403555909,-2.6866485640198,-1.36513757054127,1.37170628821225,-0.29611779579541,-0.291292237664821,0.415375633265254,3.20985180173137
"107",3.533333063,11.2626646374118,0.532078035721591,0.206623094520426,0.265741496927366,0.0232531275434809,3.449,0.4,0.7,1.78169808895588,0.124728795367418,-2.73355168802855,-1.37438525341825,1.38003336814997,-0.265126537337047,-0.263687264436874,0.373929210180931,3.22933752748107
"108",3.56666708,11.2434364524031,0.535273808761227,0.204862461869171,0.264374863183128,0.0222625350442345,3.449,0.4,0.7,1.78435990991005,0.116395211052945,-2.78071024428456,-1.38272644549823,1.38761675841575,-0.235033023237449,-0.236947809196493,0.333743593639118,3.24708298736342
"109",3.599999905,11.2241247771402,0.538372534270744,0.203164475428219,0.263061293382404,0.021271963686371,3.449,0.4,0.7,1.78680237506655,0.109049465031719,-2.82807645636259,-1.39019520828721,1.3944656693402,-0.205873270793532,-0.211410233232466,0.295089969911945,3.26310973394881
"110",3.633333921,11.204731378555,0.541375992626127,0.201540533459216,0.26180914160324,0.0202850344807172,3.449,0.4,0.7,1.78905670817622,0.102660277791788,-2.87561261652608,-1.39683697758187,1.400604396172,-0.177615085050503,-0.18735590657209,0.258165362054918,3.27747461916564
"111",3.666666985,11.1852605809884,0.544285527625023,0.199981975276871,0.260611263063665,0.0193051625690887,3.449,0.4,0.7,1.79115041300508,0.097199244777856,-2.92327868917445,-1.40270474859156,1.40606838557258,-0.150176863054287,-0.165014749865129,0.223120948971353,3.2902605897286
"112",3.700000048,11.1657148457804,0.547102743511705,0.198273739078637,0.259302748940738,0.0183353606201343,3.449,0.4,0.7,1.79310853101162,0.0926408231477222,-2.97104343273506,-1.40785884054335,1.41090355340454,-0.123435046696897,-0.14455913096583,0.190088277120555,3.30157509073399
"113",3.733333111,11.1460971248832,0.549829137243654,0.196861304228698,0.258224346455992,0.0173783912688972,3.449,0.4,0.7,1.79495419456254,0.0889641972908791,-3.01887874348069,-1.41236424373685,1.41516337763029,-0.0972431023743548,-0.126108785728215,0.159247124926117,3.3115432629175
"114",3.766666889,11.1264098906717,0.552466241488499,0.195266965824266,0.257010949070687,0.0164367549889753,3.449,0.4,0.7,1.79670958228461,0.0861535669091252,-3.06676200096882,-1.41628917841187,1.41890714071701,-0.0714454953753819,-0.109733481366272,0.130942337470337,3.32030382980593
"115",3.799999952,11.1066568295797,0.555015401021671,0.193618496054093,0.25576075151252,0.0155128109505505,3.449,0.4,0.7,1.79839655572864,0.0841984171509492,-3.1146718208455,-1.41970319448024,1.42219778296414,-0.0458935437652461,-0.0954592115240586,0.105918262939531,3.32800407441117
"116",3.833333015,11.086840311658,0.557478112844859,0.192274692125272,0.25474496507658,0.014608701633866,3.449,0.4,0.7,1.80003753706783,0.0830927945622119,-3.16259400255644,-1.42267627031208,1.42510076226815,-0.0204529267449475,-0.0832715103629411,0.0857465255888517,3.33479717103065
"117",3.866667032,11.06696251169,0.559855865779412,0.190699331935393,0.25355803122876,0.0137264619305506,3.449,0.4,0.7,1.80165588371241,0.0828349041580703,-3.21051852607931,-1.42527731548543,1.4276824042427,0.00498743849343723,-0.0731222360977022,0.0732921275080341,3.34083832445733
"118",3.900000095,11.0470272678067,0.562149929210172,0.189274675904894,0.252488302578363,0.0128681609804688,3.449,0.4,0.7,1.80327604116185,0.0834261903360281,-3.25843479143695,-1.42757294021225,1.43000854153401,0.0305091184668386,-0.0649358147919115,0.0717458455404424,3.34628158591918
"119",3.93333292,11.027036813529,0.564361746891417,0.188003285285452,0.251536628104384,0.0120358299156485,3.449,0.4,0.7,1.80492394333975,0.0848703448997173,-3.30633918229002,-1.42962703216719,1.43214399644259,0.0561673832795627,-0.0586128742204297,0.0811803176198099,3.35127864239162
"120",3.966666937,11.0069929082672,0.566492785926105,0.186405275507367,0.250344496118803,0.0112316058654449,3.449,0.4,0.7,1.80662693580631,0.0871725573624088,-3.35423197582955,-1.43149988067663,1.43415165276699,0.0819908751830049,-0.0540363533567892,0.0981958812648212,3.35597664467208
"121",4,10.9868994238142,0.568544270841176,0.185040636610267,0.249330056746339,0.0104579408892285,3.449,0.4,0.7,1.80841349300353,0.0903382725844667,-3.40211082286408,-1.43324745188593,1.4360916620575,0.107980351453237,-0.0510769843993734,0.119451306544961,3.36051634997928
"122",4.033333063,10.9667583334989,0.57051761444135,0.183773658604821,0.248391218840363,0.00971757077034402,3.449,0.4,0.7,1.8103134692669,0.0943728185091259,-3.44997997165286,-1.43492142746625,1.43802146433047,0.134115843740716,-0.0495973169132518,0.142992843832402,3.36503217042576
"123",4.06666708,10.9465715709236,0.572414209949278,0.182500052230941,0.247450417385577,0.00901375250426588,3.449,0.4,0.7,1.81235788319145,0.0992805639452363,-3.49784543967115,-1.43656884366756,1.43999537255286,0.160355376915527,-0.0494572611832335,0.167809021180231,3.36965120069378
"124",4.099999905,10.9263429149743,0.574235266761653,0.181173179793875,0.246473449029756,0.00835051088489818,3.449,0.4,0.7,1.81457867274957,0.105063607167192,-3.54571019736591,-1.4382319328486,1.44206430307958,0.186632302690627,-0.0505185819214721,0.193348761379436,3.3744925872471
"125",4.133332968,10.9060739460724,0.575982188800803,0.179980774246215,0.245598288060538,0.00773270523664079,3.449,0.4,0.7,1.81700910342833,0.111722027520012,-3.59358341136969,-1.43994858660137,1.44427620055461,0.21285908968029,-0.0526491336704054,0.219273626630669,3.37966852261787
"126",4.166666985,10.8857666413526,0.577656325369945,0.178686726891564,0.244651561137918,0.00716632703321009,3.449,0.4,0.7,1.81968352743758,0.119252502602092,-3.64147398488946,-1.44175241293326,1.4466759068899,0.238921687410618,-0.0557263873784555,0.245334471620665,3.38528393881168
"127",4.200000048,10.8654245461742,0.57925889071633,0.177396838090811,0.243711054662314,0.00665866746014714,3.449,0.4,0.7,1.82263716149759,0.12764680458588,-3.6893875726409,-1.44367298058453,1.44930513750238,0.264675822339603,-0.0596393427611554,0.271311890885983,3.39143645170103
"128",4.233333111,10.845049431185,0.580791239351802,0.176419156851172,0.243000326962905,0.0062182074381929,3.449,0.4,0.7,1.82590642674346,0.136892091556003,-3.73733429988562,-1.44573652804281,1.45220300001338,0.289950044429191,-0.0642899336028478,0.296991959196117,3.39821757480445
"129",4.266666889,10.8246431777625,0.582254704137388,0.17516128281116,0.24208865110957,0.00585434322642637,3.449,0.4,0.7,1.82952851269679,0.146969318687531,-3.78532423284689,-1.44796622585655,1.45540584438044,0.314543886123789,-0.0695921230905536,0.322150461576739,3.40571236858837
"130",4.299999952,10.804208948358,0.583650522200668,0.174013447377169,0.241259445137567,0.00557657868157993,3.449,0.4,0.7,1.83354076571042,0.157851644414852,-3.83336463542747,-1.45038239827728,1.45894696369574,0.338229697146774,-0.0754692727178739,0.346547167289769,3.41399874032265
"131",4.333333015,10.7837485594556,0.584980024212841,0.172990636374628,0.240522764563562,0.00539310795777759,3.449,0.4,0.7,1.83798063123976,0.169504967291098,-3.88146621916603,-1.45300307858603,1.46285675317744,0.360761849619477,-0.081851287934305,0.36993073064747,3.42314781612705
"132",4.366667032,10.7632636443026,0.586244543539633,0.171946632606728,0.239772985268969,0.00530915237849239,3.449,0.4,0.7,1.84288483252501,0.181886929410467,-3.92964052658936,-1.45584404164732,1.46716213442495,0.381883938435932,-0.0886699699187274,0.392042989990545,3.43322259370387
"133",4.400000095,10.7427575601913,0.587445306269653,0.170795163085082,0.238948588054543,0.0053255259640781,3.449,0.4,0.7,1.84828809428279,0.194945501161549,-3.97789557801195,-1.45891850012191,1.47188550452169,0.401337848839129,-0.0958536355458545,0.412625724304941,3.44427548319308
"134",4.43333292,10.722232016138,0.588583641084268,0.16978050590549,0.238224390408548,0.00543814344959273,3.449,0.4,0.7,1.85422310635143,0.208621213821986,-4.02624391345562,-1.46223739656473,1.47704468949621,0.41887946152729,-0.103323898213161,0.431434619880413,3.45634819826936
"135",4.466666937,10.7016882414091,0.589660895301534,0.169049320538934,0.237703834160653,0.00563881231922465,3.449,0.4,0.7,1.86071951678086,0.222847187163238,-4.07469991438736,-1.46580898671913,1.48265196670464,0.434289455418121,-0.110991959482643,0.448248308593758,3.46946946847491
"136",4.5,10.6811296297463,0.590678302147856,0.167927263304419,0.236907166968228,0.00591683918846911,3.449,0.4,0.7,1.8678022934673,0.237548258553834,-4.12327354766483,-1.46963796920485,1.48871250940889,0.447382918521957,-0.118755665754975,0.462876208001806,3.48365139946544
"137",4.533333063,10.6605576238781,0.591637198991448,0.166990822907628,0.236244311964049,0.00626085116301343,3.449,0.4,0.7,1.87549237268505,0.252645183697689,-4.17197996152663,-1.47372576555842,1.49522480614668,0.458022028014918,-0.126500846895779,0.475170119443813,3.49889045435412
"138",4.56666708,10.6399736224558,0.592538919208532,0.166041576007905,0.235574287568038,0.00666014443961191,3.449,0.4,0.7,1.88380567900492,0.268055012424221,-4.22083479912781,-1.47806982135397,1.50217971177989,0.466121099949757,-0.134102189754279,0.4850281199222,3.51516523312378
"139",4.599999905,10.619380894417,0.593384716576864,0.165254493321003,0.235020185436871,0.00710538931794706,3.449,0.4,0.7,1.89275200614857,0.283691420323138,-4.26984935387931,-1.48266284407997,1.50955951561383,0.471649869153343,-0.141425719316473,0.492397027972902,3.53243429198599
"140",4.633333921,10.5987798652492,0.594175965667384,0.164278909557242,0.234335230226521,0.00758897443134181,3.449,0.4,0.7,1.90233693327708,0.299470146019684,-4.31904142234212,-1.48749362901023,1.51733966688513,0.474635536325463,-0.148334902684278,0.497274708483464,3.5506401810969
"141",4.666666985,10.5781737090651,0.594913931781661,0.163577641743297,0.23384414655556,0.0081048248999464,3.449,0.4,0.7,1.91255953832786,0.315306605266352,-4.36842160606669,-1.49254577803497,1.52548718606699,0.4751587164891,-0.154693779286177,0.4997058847016,3.56970572694319
"142",4.700000048,10.55756363834,0.595599957453035,0.16272535408241,0.233248753182618,0.00864830178372105,3.449,0.4,0.7,1.92341483978481,0.331121204108342,-4.41800415088873,-1.49779891792774,1.53396311896854,0.473349289529421,-0.160373849603203,0.499779272814067,3.58953977504019
"143",4.733333111,10.5369514011598,0.596235363972202,0.161894518081171,0.23266988413788,0.00921589650141599,3.449,0.4,0.7,1.93489312011202,0.346838945360696,-4.46780062199734,-1.50322843382383,1.54272258629845,0.46937888461356,-0.165258147622967,0.497621133671837,3.61003730591306
"144",4.766666889,10.516338250935,0.596821486257811,0.161099392923387,0.232117328953018,0.0098050199171707,3.449,0.4,0.7,1.94698102059897,0.362391466816132,-4.51782205799338,-1.50880618827357,1.55171636873295,0.463452509764954,-0.16924573401449,0.493388637171083,3.63108314422396
"145",4.799999952,10.4957267126818,0.597359623048767,0.160527627834214,0.231720865046892,0.0104137462813734,3.449,0.4,0.7,1.95966112356943,0.377716679246186,-4.56807441658415,-1.51450062853815,1.56089142595609,0.455800101182615,-0.172254646048125,0.487263168445192,3.65255317334882
"146",4.833333015,10.475117928451,0.597851111577247,0.159711837026338,0.231156464080777,0.0110407201753314,3.449,0.4,0.7,1.97291417308495,0.392761435156511,-4.61856481910566,-1.52027818684195,1.57019339902244,0.446666639452975,-0.174224685039779,0.479442726170107,3.67432019101381
"147",4.866667032,10.4545128347492,0.598297287562276,0.158966728187132,0.230642278584221,0.0116849891705176,3.449,0.4,0.7,1.98671912079081,0.407480971057968,-4.66929859133442,-1.52610371274817,1.57956743567285,0.436303509342395,-0.175118418760847,0.470135313344774,3.69625584056968
"148",4.900000095,10.4339140776174,0.598699447600424,0.158254290853535,0.230151820704411,0.0123458336796603,3.449,0.4,0.7,2.00105242993242,0.421837649103488,-4.72027444943582,-1.53194069675457,1.58895855848227,0.424961424710231,-0.174921831937316,0.459553979179874,3.71823147247363
"149",4.93333292,10.4133226199499,0.599058922275639,0.157600532684343,0.229702781660102,0.0130227863066712,3.449,0.4,0.7,2.01589094929899,0.43580320958828,-4.77149282404085,-1.53775301662133,1.59831435506769,0.412881328669322,-0.173644617838668,0.44791008569587,3.74012443949174
"150",4.966666937,10.3927389222088,0.599377041188018,0.157043204277941,0.229320753552493,0.0137155285563972,3.449,0.4,0.7,2.03121178058619,0.44935744280432,-4.82295301810778,-1.54350538453633,1.60758545138238,0.400288330725778,-0.171319756379012,0.435409240417557,3.76181920422779
"151",5,10.3721655898002,0.599655094536743,0.156465608751906,0.228925592108232,0.0144237436256709,3.449,0.4,0.7,2.04699076273786,0.462485865202589,-4.87464661320873,-1.54916338365483,1.61672519766628,0.387387835269606,-0.168003611558329,0.422249391250613,3.78320660423379
"152",5.033333063,10.3516032492763,0.599894396952574,0.15585537385779,0.228508944158323,0.0151472076124673,3.449,0.4,0.7,2.06320595828384,0.475181668063403,-4.92656784622287,-1.55469538943773,1.6256922745718,0.374358423799966,-0.163775137024428,0.40861537535605,3.80418995045653
"153",5.06666708,10.3310524632002,0.600096251101826,0.154978710491604,0.227911914356491,0.0158856874555834,3.449,0.4,0.7,2.07983665120431,0.487443478705171,-4.97870896412291,-1.56007277005826,1.6344504253141,0.361349385790572,-0.158735499395889,0.394677510607947,3.82468440045766
"154",5.099999905,10.3105156390404,0.600261932845817,0.154582558735131,0.227642718893226,0.0166388357135451,3.449,0.4,0.7,2.0968620226543,0.499273258290896,-5.03105548686208,-1.56527013772474,1.64296816478507,0.34847935097973,-0.153007985599323,0.380590727312708,3.84461627772797
"155",5.133332968,10.2899929131917,0.600392728812912,0.154061682028906,0.227289335142623,0.017406308517486,3.449,0.4,0.7,2.11426469615206,0.510677651239809,-5.0835968432518,-1.57026712463926,1.65122091380852,0.335832156128372,-0.146735877791546,0.366489638217899,3.86392806593643
"156",5.166666985,10.2694847966705,0.600489905927831,0.153544136766281,0.226938850652114,0.01818764413246,3.449,0.4,0.7,2.13202874156137,0.521665247588502,-5.13631991204027,-1.57504833140219,1.65919012677704,0.323458118153206,-0.140081369332777,0.35248821857384,3.8825763675628
"157",5.200000048,10.2489933471865,0.600554710930874,0.153029375622954,0.226590886408856,0.0189821899258823,3.449,0.4,0.7,2.15013860970041,0.532244916391134,-5.18920625665089,-1.57960368122919,1.66686305399604,0.311375397592764,-0.1332235431243,0.338678535884168,3.90053134777258
"158",5.233333111,10.2285187941397,0.600588384049278,0.152606783575784,0.226305701194968,0.0197892072265479,3.449,0.4,0.7,2.16858200185481,0.54242652895188,-5.24224116067268,-1.58392969356864,1.67423409757395,0.299569762738094,-0.126353788516668,0.325126625516079,3.9177799072583
"159",5.266666889,10.2080614483118,0.600592145036324,0.151991968144976,0.225891563323165,0.0206077769989079,3.449,0.4,0.7,2.18734810984959,0.552218895439697,-5.29540915516367,-1.58802937237677,1.68130395705595,0.287998589310719,-0.119671882837723,0.311872645461076,3.93432368298589
"160",5.299999952,10.1876228698553,0.600567195039971,0.151559564392647,0.225600845651981,0.0214367293602613,3.449,0.4,0.7,2.20642628875067,0.561628362856111,-5.34869143457815,-1.59191218680266,1.68807903501443,0.276595196580581,-0.113380763098801,0.298931597882051,3.95017765725049
"161",5.333333015,10.1672032359384,0.600514715319107,0.151140903324382,0.225319800855828,0.022274727365972,3.449,0.4,0.7,2.22580820000056,0.570659320238317,-5.40207322205632,-1.59559458186201,1.69457196053819,0.265271762907972,-0.107679046685085,0.286293355304156,3.9653713826639
"162",5.366667032,10.1468025134713,0.600435861946295,0.150605298383611,0.224960876379019,0.0231202001180503,3.449,0.4,0.7,2.2454864594481,0.579312992912355,-5.45554129650657,-1.59909946849932,1.70080059204831,0.25392486278186,-0.102754042054881,0.27392741574622,3.97994664870072
"163",5.400000095,10.1264223558635,0.600331774247726,0.150278381786501,0.224742145652233,0.0239712423864447,3.449,0.4,0.7,2.26545243231614,0.587586243631294,-5.50907957658101,-1.60245540802622,1.70678672610763,0.242441600617261,-0.0987741284954246,0.261790485254698,3.99395446025691
"164",5.43333292,10.1060627462406,0.600203560472853,0.149898175061231,0.224488090745784,0.0248257333142654,3.449,0.4,0.7,2.28569911298706,0.595472740558807,-5.56267847692659,-1.60569640775785,1.71255620013916,0.230702827344494,-0.0958796700565257,0.249833355809211,4.00745527801525
"165",5.466666937,10.0857231715879,0.60005229589134,0.149268869121173,0.224068371906241,0.0256812686349532,3.449,0.4,0.7,2.30621970046536,0.602962290033106,-5.61633237542238,-1.60886064165419,1.71813738899598,0.218588628211933,-0.0941754276324438,0.238012603769902,4.02051550035426
"166",5.5,10.0654052401491,0.59987904268117,0.148990853766831,0.223883260888726,0.0265350305553505,3.449,0.4,0.7,2.32700459443256,0.6100399666412,-5.67003315267181,-1.6119887395559,1.72355924103427,0.20598448009031,-0.0937232567500447,0.226304341305928,4.03320286767436
"167",5.533333063,10.0451086088257,0.599684818722444,0.14852750428728,0.223575176461539,0.0273839401660087,3.449,0.4,0.7,2.34804517630747,0.616687836421816,-5.72378128718237,-1.61512287632893,1.72885100376859,0.192783101891564,-0.0945354260813338,0.214714394392441,4.04558582041946
"168",5.56666708,10.0248328795591,0.599470607056563,0.148205585415245,0.223361445975521,0.0282245589653907,3.449,0.4,0.7,2.36933163860013,0.622884546328854,-5.77758109445818,-1.61830474822281,1.73404020027674,0.178889493079404,-0.0965703114255466,0.203291110929704,4.05772876377721
"169",5.599999905,10.004579484033,0.59923737709145,0.147881165974644,0.22314631802927,0.0290529940742133,3.449,0.4,0.7,2.39085069216328,0.628605284501868,-5.83143578166139,-1.62157342605249,1.73915064896152,0.164226156052484,-0.0997295588647471,0.192135929079211,4.06968743383615
"170",5.633333921,9.98434704783889,0.598986031966282,0.147514953216507,0.222903794096171,0.0298650729940768,3.449,0.4,0.7,2.4125902031006,0.633823750804369,-5.88535965089416,-1.62496420382585,1.74420217027703,0.148733676190643,-0.103858819652347,0.181406617444793,4.08150821131264
"171",5.666666985,9.96413689483698,0.598717470264696,0.147171435577527,0.2226766073254,0.0306561041503738,3.449,0.4,0.7,2.43453310616985,0.638511339324455,-5.93936315412123,-1.62850587186459,1.74920785075512,0.132378670028359,-0.108750077989015,0.171320435853677,4.09322171925495
"172",5.700000048,9.94394842241599,0.598432529039003,0.146850306091868,0.222464496941142,0.0314210509607446,3.449,0.4,0.7,2.45666212759742,0.642639253106862,-5.99346469218511,-1.63221980448695,1.75417407910195,0.115154449239339,-0.114148940541471,0.162143540748177,4.10484290751068
"173",5.733333111,9.92378155969668,0.598132012202103,0.14649817060152,0.222232207363361,0.0321544211201416,3.449,0.4,0.7,2.47895696016814,0.646178857447617,-6.04768335157218,-1.63611815097442,1.7590991216416,0.0970870700494691,-0.119764001406956,0.154173004134303,4.1163677192035
"174",5.766666889,9.90363576228267,0.597816675360889,0.146194971774679,0.22203245206996,0.0328502952569783,3.449,0.4,0.7,2.50139520787737,0.64910303756745,-6.10204069366162,-1.64020299927027,1.76397296810197,0.078238562291177,-0.125280170754509,0.147703736627308,4.12777272986549
"175",5.799999952,9.88351174279257,0.597487251903052,0.145834233445739,0.221795093824697,0.0335022613728706,3.449,0.4,0.7,2.52395036746128,0.65138723532545,-6.15655501995419,-1.64446548783131,1.76877699866693,0.0587121296992164,-0.130374224350582,0.142984448625833,4.13901436832484
"176",5.833333015,9.86340888139397,0.597144411183351,0.145547873938466,0.221606912365133,0.0341035008492453,3.449,0.4,0.7,2.54659471549007,0.653011204374358,-6.21124718718428,-1.64888637199701,1.77348524121175,0.0386522875752937,-0.134733807219006,0.140168463437862,4.15003185869093
"177",5.866667032,9.84332638368743,0.5967887737949,0.145191669691695,0.221373126074197,0.0346467419407868,3.449,0.4,0.7,2.56929815207996,0.653960201880641,-6.26613629375163,-1.65343648387652,1.7780652833509,0.018246877631942,-0.13807662238385,0.139277069872421,4.16074935458541
"178",5.900000095,9.82326515026356,0.596420944993645,0.14502501907657,0.221263860940189,0.0351242177191958,3.449,0.4,0.7,2.59202634019675,0.654226407027568,-6.32123335785796,-1.65807762594849,1.78247962269508,-0.00227211615020021,-0.140169868338211,0.140188282326845,4.17107909880189
"179",5.93333292,9.80322447485979,0.596041455391639,0.144762103113095,0.221091624666622,0.0355277643134257,3.449,0.4,0.7,2.6147448684546,0.653810447707871,-6.3765492667908,-1.66276529034325,1.78668870044623,-0.0226356885516251,-0.140849111600869,0.142656393600007,4.18092852204887
"180",5.966666937,9.7832032027293,0.595650778191685,0.144572642338724,0.220967619602512,0.0358487874286578,3.449,0.4,0.7,2.63741854855664,0.652722399528114,-6.43209080294529,-1.66745094279289,1.79065328231533,-0.0425432962738329,-0.140033148861521,0.146353048611622,4.19020581440002
"181",6,9.76320230935454,0.595249379715851,0.144153236607022,0.220693442639966,0.0360782435118373,3.449,0.4,0.7,2.66000926500492,0.650982896963187,-6.48785290312791,-1.67208438677025,1.79433690499288,-0.0616699571953076,-0.137735004965232,0.150910951270091,4.1988256501404
"182",6.033333063,9.74322089383073,0.594837640856622,0.143924880948443,0.220544352355764,0.0362067292695154,3.449,0.4,0.7,2.68248143689069,0.648623481710766,-6.54382957060407,-1.6766179417534,1.79770969392614,-0.0796826912385423,-0.134066678737732,0.155958987015122,4.20671812152973
"183",6.06666708,9.72325804744973,0.594415891370037,0.143651484798313,0.220366034326436,0.0362244655597069,3.449,0.4,0.7,2.70480092236046,0.64568670716045,-6.60000895715659,-1.68100928103982,1.80075082305846,-0.0962531754328872,-0.129236957857546,0.161142375113399,4.21383449469837
"184",6.099999905,9.70331471145596,0.593984450053367,0.143397748235647,0.220200713439022,0.0361213438892352,3.449,0.4,0.7,2.72693404741211,0.642226071633329,-6.6563687658081,-1.68522413241655,1.8034507765849,-0.111072440537567,-0.123542597436767,0.166132057196661,4.22015250225284
"185",6.133332968,9.68338968363744,0.593543539546054,0.143136420501411,0.220030622582305,0.0358869665439372,3.449,0.4,0.7,2.74885315238351,0.638304438864433,-6.71288858411638,-1.68923981134703,1.80581385998496,-0.123870608552124,-0.117350714293825,0.170631526419781,4.22568221920062
"186",6.166666985,9.66348219304975,0.593093339542794,0.142973323699944,0.219924558178046,0.0355106800128959,3.449,0.4,0.7,2.7705347056166,0.633992870232505,-6.7695440959623,-1.69304663710114,1.80785892007787,-0.134430278225613,-0.111076642765301,0.174383256856345,4.2304677479106
"187",6.200000048,9.64359304112531,0.592634014265659,0.142764651829606,0.219788957438786,0.0349816773883456,3.449,0.4,0.7,2.79195896272764,0.629368954373738,-6.82630548717863,-1.69664891448686,1.80961952347971,-0.142600075464181,-0.105157203669945,0.1771801879615,4.23458763571026
"188",6.233333111,9.6237213296728,0.592165638169928,0.142549162339459,0.219649046625933,0.0342889978983731,3.449,0.4,0.7,2.81311418089818,0.624513671474314,-6.88314857328264,-1.70006577013755,1.81114354722416,-0.148307085673938,-0.10002036906038,0.178882827258715,4.23815391692078
"189",6.266666889,9.60386631857402,0.591688236981341,0.14245722570213,0.219589392172636,0.0334216173511569,3.449,0.4,0.7,2.8339949606095,0.619509060837565,-6.94005130132363,-1.70333001910329,1.81249127734129,-0.151562410573674,-0.096057242505323,0.179438452224236,4.24130766344938
"190",6.299999952,9.58402856283572,0.591201816321044,0.142174882254042,0.219406328860292,0.0323685999002203,3.449,0.4,0.7,2.85460117244501,0.614435674753981,-6.99699205700584,-1.70648633288373,1.81373283664638,-0.152463518795216,-0.0935968906804028,0.17890081751758,4.24421296570443
"191",6.333333015,9.56420736111142,0.590706300622744,0.141806929742536,0.219168075510565,0.0311190806296141,3.449,0.4,0.7,2.87494041949767,0.60936907658799,-7.05395822528287,-1.70958923918375,1.81494518876867,-0.151192068841847,-0.092886421326754,0.177445566153593,4.2470499218936
"192",6.366667032,9.54440189674998,0.590201559816649,0.141863600729607,0.21920474723867,0.0296623991984122,3.449,0.4,0.7,2.89502627962484,0.604377438990719,-7.1109437336524,-1.7126999901159,1.81620850810252,-0.148006117223579,-0.0940798629362495,0.175376256504988,4.25000614355326
"193",6.400000095,9.52461308219594,0.589687457867209,0.141520030177698,0.218982553966056,0.027988382621485,3.449,0.4,0.7,2.91487565376209,0.599519636855381,-7.16794403694217,-1.7158831005861,1.81760243448675,-0.143228973906634,-0.0972352528447913,0.173116242340624,4.25326799133684
"194",6.43333292,9.50484030274611,0.589163770667424,0.141403550695357,0.21890729578809,0.0260872647295354,3.449,0.4,0.7,2.93451103185685,0.594842500570159,-7.22496527293052,-1.71920374227465,1.81920287706889,-0.137233459539665,-0.102321190180882,0.171180163504003,4.25701309591935
"195",6.466666937,9.48508255788669,0.588630214051859,0.141280713776667,0.218827969156697,0.023949927671428,3.449,0.4,0.7,2.95395808694903,0.590379768709206,-7.28202031817367,-1.72272482808327,1.82107910443113,-0.130424052853211,-0.109231574539502,0.170123397682494,4.26140354876693
"196",6.5,9.46534100599148,0.588086514371939,0.141122227953198,0.218725680299489,0.0215684869321565,3.449,0.4,0.7,2.97324188095033,0.586151902284846,-7.33912040196846,-1.72650437853188,1.82329137047316,-0.123218712836975,-0.117805112699508,0.170472566037309,4.26658034660038
"197",6.533333063,9.44561500992844,0.587532303260989,0.14090593334858,0.218586189071575,0.0189363577927341,3.449,0.4,0.7,2.99238943334734,0.58216508068995,-7.39628527125775,-1.73059479719738,1.8258900660394,-0.11602820237109,-0.127850723877875,0.172650952333207,4.27266140616621
"198",6.56666708,9.42590397967743,0.586967167219917,0.140836117490493,0.218541190602129,0.0160493954336683,3.449,0.4,0.7,3.01142661700082,0.578412177307191,-7.45353657539841,-1.7350419850788,1.82891534436218,-0.109238467009761,-0.139171722479293,0.176923178279433,4.27974068775773
"199",6.599999905,9.40620920609359,0.58639070325002,0.140721125121499,0.218467102913598,0.0129086429743313,3.449,0.4,0.7,3.03037525593013,0.574874178127469,-7.51089131664629,-1.73988507094361,1.83239744072354,-0.10319519627734,-0.151586760185846,0.183378827562944,4.28788894323731
"200",6.633333921,9.38652935407763,0.585802390065246,0.14050629404816,0.218328785704378,0.00952767723126296,3.449,0.4,0.7,3.04925650721334,0.5715209334139,-7.56837399040122,-1.74515832284939,1.8363588290802,-0.098189388881515,-0.164949756390192,0.191962439612829,4.29715876263177
"201",6.666666985,9.36686581522222,0.585201746701949,0.140374499899979,0.218243992407968,0.00597258931405972,3.449,0.4,0.7,3.06808497402936,0.568314081664848,-7.62600037087905,-1.75089114423177,1.84081522548239,-0.0944497569295277,-0.179156963270816,0.202528946258226,4.30758692217564
"202",6.700000048,9.34721820969734,0.584588201439517,0.140285906865296,0.218187019927901,0.00274793872819399,3.449,0.4,0.7,3.08687254779573,0.565208461018779,-7.68379040137154,-1.75711076954816,1.84577865977189,-0.0921363998446437,-0.194152640457067,0.214905476832916,4.31920157221687
"203",6.733333111,9.32758677645972,0.583961165015132,0.14008595426453,0.218058511831582,0.00363174315662593,3.449,0.4,0.7,3.10562589739897,0.562154819053579,-7.74176138135817,-1.76384314132328,1.85125921139594,-0.0913405710478712,-0.209922623525765,0.228933631839647,4.33202629909617
"204",6.766666889,9.3079713940485,0.58332000265186,0.140006790976752,0.218007663901084,0.0077356574713931,3.449,0.4,0.7,3.12434744472688,0.559101908565418,-7.79993134417823,-1.77111444091936,1.85726716090997,-0.0920876085541568,-0.226483724070568,0.244489273625852,4.34608515975609
"205",6.799999952,9.28837326425184,0.582664092055213,0.139855739188357,0.217910687631244,0.0124557220355218,3.449,0.4,0.7,3.14303402320675,0.555998847837181,-7.85831479917901,-1.77895121742364,1.86381387288789,-0.0943433335808778,-0.243866320776642,0.261479343352948,4.36140474778912
"206",6.833333015,9.2687923890201,0.581992743811995,0.139798331671696,0.217873847761014,0.0175222218903486,3.449,0.4,0.7,3.16167973890618,0.552796563945978,-7.9169310730945,-1.78738150887556,1.87091333294217,-0.0980233591171513,-0.262098207301867,0.279828606835439,4.3780177901309
"207",6.866667032,9.24922869530341,0.581305239254362,0.13974638838331,0.217840522093983,0.0228815858401253,3.449,0.4,0.7,3.18027548463229,0.54944944951259,-7.97580185639681,-1.79643407175154,1.87858193106383,-0.103004262576712,-0.281185633380381,0.299458241710757,4.39596264006641
"208",6.900000095,9.22968385411277,0.580600899297946,0.139569473917633,0.217727072385693,0.0285096774038176,3.449,0.4,0.7,3.19880788660048,0.545916793647276,-8.03494641154023,-1.80613648134906,1.88683707162173,-0.109134887886366,-0.301095790035071,0.320264107465718,4.41528002456851
"209",6.93333292,9.21015806104732,0.579878975099531,0.139524841592655,0.217698464444413,0.0343886913846197,3.449,0.4,0.7,3.21726306446841,0.542162947757159,-8.09439173054809,-1.81651515829388,1.89569722852363,-0.116248958621856,-0.321748575182063,0.342105197289304,4.43601317337709
"210",6.966666937,9.19065116123852,0.579138687724678,0.139331261074996,0.217574447747774,0.0405013027019947,3.449,0.4,0.7,3.2356262208746,0.538157807994209,-8.15416939586062,-1.82759323902945,1.90518001082609,-0.124175781055005,-0.343009720164807,0.364794863900467,4.45820329244306
"211",7,9.17116515829131,0.578379328723084,0.139372819189964,0.217601063253281,0.0468280199213624,3.449,0.4,0.7,3.25387987883417,0.533877348037228,-8.21430771695807,-1.83938725242986,1.91529905945487,-0.132748144797717,-0.364687884122097,0.388097053290395,4.4818823021203
"212",7.033333063,9.15170030653958,0.577600116561012,0.139237893045652,0.217514668148593,0.0533476337009859,3.449,0.4,0.7,3.2720080479798,0.52930256457311,-8.27484323765478,-1.8519075614429,1.92606407499674,-0.141810553419078,-0.386544253133458,0.411736193079413,4.50707290219968
"213",7.06666708,9.13225692752919,0.576800266891731,0.139043977472371,0.217390587816808,0.0600362884438657,3.449,0.4,0.7,3.28999485180128,0.524419368866298,-8.3358145252568,-1.86515593837573,1.93747834798234,-0.151222547619879,-0.408300396233276,0.435404952283385,4.53378279266468
"214",7.099999905,9.11283721437128,0.575979074067594,0.138968410790643,0.217342262796901,0.0668666102181153,3.449,0.4,0.7,3.30782308530694,0.519218554401695,-8.39725555885697,-1.87912311806998,1.94953625257394,-0.16085901426734,-0.429649031280412,0.458774359082172,4.56199880881262
"215",7.133332968,9.09344133729071,0.575135754714739,0.138921528436127,0.217312289259097,0.0738089124194487,3.449,0.4,0.7,3.32547789333835,0.513694281739856,-8.45920698042911,-1.89379081740179,1.96222462403456,-0.170610806319416,-0.450272528145691,0.481511574975798,4.59169014459195
"216",7.166666985,9.07406994653682,0.574269553371773,0.138878024898925,0.217284481267822,0.0808302542123691,3.449,0.4,0.7,3.34294441109463,0.507844231540304,-8.52170731739329,-1.90912990019429,1.97552087797741,-0.18038018219847,-0.46985389055346,0.503288871919672,4.62280395156469
"217",7.200000048,9.05472527582794,0.573379801190859,0.138812732667204,0.217242755346494,0.0878939668866592,3.449,0.4,0.7,3.36020669138248,0.501669692303209,-8.58478840170351,-1.9250996129871,1.98939211823579,-0.19007544477614,-0.488087976074672,0.523792465672729,4.65526325128376
"218",7.233333111,9.03540795246672,0.572465777915269,0.138738139181378,0.217195099538437,0.0949607939905692,3.449,0.4,0.7,3.37725043360235,0.495174454512052,-8.64848489724163,-1.94165073660304,2.00379772515902,-0.19960711390889,-0.504694262880321,0.542733174688398,4.68897299201682
"219",7.266666889,9.01611879971703,0.571526794962531,0.13853967998898,0.217068383076507,0.101988249507628,3.449,0.4,0.7,3.39406119803684,0.488365365571304,-8.71282794873971,-1.95872509926942,2.01868886775491,-0.208881701300678,-0.519421274920927,0.559848216911286,4.72381890713876
"220",7.299999952,8.99685993353612,0.570562257175412,0.138584537095781,0.217097015000326,0.108930255427319,3.449,0.4,0.7,3.41062337668687,0.481252965885483,-8.77784100020788,-1.97625557047286,2.03400848007047,-0.217796778949579,-0.532049235091486,0.574901578952648,4.75966745986138
"221",7.333333015,8.97763227681352,0.569571547196684,0.138543713700325,0.217070957536649,0.115738116707163,3.449,0.4,0.7,3.4269223379844,0.473850944293089,-8.84354780218904,-1.99416936539002,2.04969416627639,-0.226239222246539,-0.542392618894079,0.587685237787624,4.79637264125636
"222",7.366667032,8.95843666252111,0.568554081246067,0.13843105072595,0.216999068673325,0.122360201442709,3.449,0.4,0.7,3.44294350921743,0.466176893046764,-8.90996866453182,-2.01238820764932,2.0656783858812,-0.234083503938816,-0.550297831352463,0.598015710502239,4.8337764036643
"223",7.400000095,8.93927561224695,0.567509411817409,0.138369512012526,0.216959816220849,0.128741468075277,3.449,0.4,0.7,3.45867109068099,0.458253456847389,-8.97711412824224,-2.03082763074749,2.08188786838293,-0.241191848816529,-0.555640621963932,0.605730970573571,4.87170729095441
"224",7.43333292,8.92015017204815,0.56643706610979,0.138299134720537,0.216914938776584,0.134824722375507,3.449,0.4,0.7,3.47409096980253,0.450107419603996,-9.04499583476496,-2.04940094205037,2.0982471042419,-0.247418190571035,-0.558325450735766,0.610690649973243,4.90998860755119
"225",7.466666937,8.90106101447455,0.56533660439109,0.13833089157469,0.216935187472776,0.140550373065751,3.449,0.4,0.7,3.48919009071008,0.441770333548132,-9.11362280258862,-2.06801911930388,2.11467825103717,-0.252611653074466,-0.558283476483049,0.612774907599041,4.94843819883655
"226",7.5,8.88201088729709,0.56420776938201,0.138226699727366,0.216868763351294,0.145855939837648,3.449,0.4,0.7,3.50395493101781,0.433279692168955,-9.18299243526673,-2.0865892990062,2.131099761713,-0.25662099191808,-0.555473241632953,0.611886309426221,4.98686524118733
"227",7.533333063,8.86300078364359,0.563050272269466,0.1382744164635,0.216899179916203,0.150677469434703,3.449,0.4,0.7,3.51837494909281,0.424677169266804,-9.25310409540173,-2.10501945151228,2.14743046205029,-0.259301101441151,-0.549882935399284,0.60795419552128,5.02507978343421
"228",7.56666708,8.84403171707017,0.561863896425118,0.137987825558193,0.216716589125702,0.15494922224624,3.449,0.4,0.7,3.53244153071244,0.416009102223604,-9.32395264559602,-2.12321767433316,2.16358888556343,-0.260517629930957,-0.541533726151712,0.600939441262263,5.0628911904916
"229",7.599999905,8.82510647394905,0.560648617057895,0.138137933039506,0.216812196484485,0.158603660222243,3.449,0.4,0.7,3.5461470911487,0.407326869722946,-9.39552156806363,-2.14109170456915,2.17949280021135,-0.260151787833147,-0.530485641794525,0.590841746039438,5.10010703584122
"230",7.633333921,8.80622527032538,0.559404331857471,0.137929929166894,0.216679729924108,0.161572703954225,3.449,0.4,0.7,3.55948856625579,0.39868432040668,-9.4677991020708,-2.15855439230211,2.19506406554908,-0.258104420887452,-0.516840266284481,0.577703862662056,5.13654446747587
"231",7.666666985,8.78739088610131,0.558131196310045,0.137971186267752,0.216705994933529,0.163787123687159,3.449,0.4,0.7,3.57246394293451,0.390139421624431,-9.54075873415602,-2.17552034871772,2.21022567987758,-0.25429929333513,-0.500747792696955,0.561619517539784,5.17202329810288
"232",7.700000048,8.76860433701139,0.556829347456623,0.137889380753068,0.216653920630263,0.165177694951798,3.449,0.4,0.7,3.58507554764995,0.381751485604585,-9.61437571008483,-2.19191157725851,2.22490686530497,-0.248685332496508,-0.482406378293842,0.542734104711949,5.20637790440645
"233",7.733333111,8.74986715965914,0.555499058682028,0.137760217141122,0.216571737368405,0.16567524026118,3.449,0.4,0.7,3.59732856927026,0.373581354547701,-9.68861853795951,-2.20765695591385,2.23904271139711,-0.241238974952999,-0.462063108164151,0.521247118901092,5.23945639317461
"234",7.766666889,8.73118046535548,0.554140680123029,0.137596004843004,0.216467319817001,0.165211160526209,3.449,0.4,0.7,3.60923181928147,0.365690057761787,-9.76345309908252,-2.2226945933327,2.25257640793298,-0.231966015304765,-0.44000911224349,0.497409540633948,5.27112582604305
"235",7.799999952,8.71254653376052,0.552754760489201,0.137627687250212,0.21648745990898,0.163717978664032,3.449,0.4,0.7,3.62079681811553,0.358138489325748,-9.83883688393353,-2.23697188962449,2.26545942636514,-0.22090470679318,-0.416573725602203,0.471521535399478,5.30127264412035
"236",7.833333015,8.69396639960313,0.551341876772743,0.137465537144053,0.216384412336709,0.161129791665925,3.449,0.4,0.7,3.6320394036828,0.350985328687199,-9.91472949040009,-2.25044848406826,2.2776542934341,-0.208127067540183,-0.392110320011423,0.443922717713722,5.32980915836508
"237",7.866667032,8.67544091916231,0.549902713020869,0.137535441353591,0.216428828089807,0.157382701926269,3.449,0.4,0.7,3.64297905721759,0.344286405223255,-9.99108942872307,-2.26309587725356,2.28913435133537,-0.193741790014231,-0.366983226733469,0.414985023707636,5.35667298836648
"238",7.900000095,8.65697247925538,0.54843820119093,0.137556140405683,0.216441982441734,0.15241585263792,3.449,0.4,0.7,3.65363791292413,0.338094072980668,-10.0678680798331,-2.27489640810679,2.29988288175764,-0.177898039502204,-0.341554149617857,0.385106413319625,5.38182501255589
"239",7.93333292,8.63856193823673,0.546949288682123,0.137625981714527,0.216486375651881,0.146171456999417,3.449,0.4,0.7,3.66404247620113,0.33245483287739,-10.1450233832493,-2.28584487879527,2.30989459192797,-0.160784500213783,-0.31616157583346,0.354696768441007,5.40525284561666
"240",7.966666937,8.62020968931435,0.54543701982556,0.137671607493769,0.216515384002889,0.138595464377533,3.449,0.4,0.7,3.67422274831413,0.3274085331547,-10.2225165856188,-2.29594666510983,2.31917386942235,-0.14262977111329,-0.29110691212858,0.324170458087819,5.42696675466561
"241",8,8.60191800804288,0.543902736200234,0.137656045155656,0.216505489001771,0.129639472258937,3.449,0.4,0.7,3.68421059722519,0.322987708315248,-10.3003031223121,-2.30521502436838,2.32773223724217,-0.123702411706073,-0.266645062113489,0.29394195993666,5.44699370402234
"242",8.033333063,8.58368736497244,0.542347777839306,0.137701077816099,0.216534123942891,0.1192603504622,3.449,0.4,0.7,3.69404129583398,0.319215365346216,-10.3783487871076,-2.3136713263427,2.33558846028437,-0.104302214620217,-0.242970593465509,0.264411915888191,5.465377604354
"243",8.06666708,8.56551813100027,0.540773624009222,0.137720684146402,0.216546592773364,0.107422400060026,3.449,0.4,0.7,3.70375187470781,0.316104515215884,-10.4566229473896,-2.32134195976408,2.34276557911824,-0.084753837692685,-0.220216035437098,0.235962529371236,5.48217237158522
"244",8.099999905,8.54741224853153,0.53918204523643,0.137619748723369,0.216482413231845,0.094101626849496,3.449,0.4,0.7,3.71337940530877,0.313657565352889,-10.5350913231104,-2.32825562494849,2.34928825890043,-0.0653980600103581,-0.198454633985394,0.208952501787834,5.49743572324504
"245",8.133332968,8.52936958467775,0.53757478987006,0.137747408461404,0.216563590055745,0.0792898289352767,3.449,0.4,0.7,3.72296198252903,0.311865193401901,-10.6137314900153,-2.33444281957807,2.35518219608064,-0.0465752364959122,-0.177701101526706,0.183703386301001,5.51122779013266
"246",8.166666985,8.51139026480219,0.535953787680015,0.137537922580863,0.216430404859991,0.063013728580068,3.449,0.4,0.7,3.73253644305765,0.310706601487946,-10.6925224058884,-2.33993298522357,2.36047134436016,-0.0286142036365702,-0.157923562177779,0.160494934937754,5.52360462494091
"247",8.200000048,8.49347568011766,0.534321247672451,0.13745965431076,0.216380675115024,0.0453998810224344,3.449,0.4,0.7,3.7421367833236,0.31014961187359,-10.7714392816783,-2.34475284740669,2.36517625076169,-0.0118196014082183,-0.139055855976487,0.139557278773996,5.53461430858799
"248",8.233333111,8.47562551939996,0.532679392636713,0.13761998807689,0.216482565391034,0.0270233935744326,3.449,0.4,0.7,3.75179474527634,0.31015101645134,-10.8504658767433,-2.34892621048673,2.36931382372984,0.00354346733860685,-0.121006724125449,0.121058595086645,5.54429640756264
"249",8.266666889,8.45783943776576,0.53103061036519,0.137445911826652,0.216371945219014,0.0129290696074204,3.449,0.4,0.7,3.76153805660465,0.310657646483288,-10.9295864854373,-2.35247270873609,2.37289612471062,0.0172578219323124,-0.103673891086387,0.105100466748913,5.55267914616806
"250",8.299999952,8.44011805532955,0.529377550174524,0.137484085704808,0.21639619641317,0.0240092326076298,3.449,0.4,0.7,3.77138915477187,0.311607550174238,-11.0087807509159,-2.35540743556368,2.37593001850523,0.0291609283501502,-0.0869557586040313,0.091715122507933,5.55977858833479
"251",8.333333015,8.42246065765258,0.527722911436153,0.137367547002317,0.21632217401236,0.0466508874022889,3.449,0.4,0.7,3.78136592657763,0.312931687256947,-11.0880332974536,-2.35774154754733,2.37841784510635,0.0391508043622,-0.0707578689725268,0.0808669370245995,5.56560020974648
"252",8.366667032,8.40486621000516,0.526069538195562,0.137321607427344,0.21629300466365,0.0720862303789191,3.449,0.4,0.7,3.79148087238429,0.314555894882668,-11.1673287936981,-2.35948247843475,2.38035774140065,0.0471859325953487,-0.0550001487184545,0.0724674312636022,5.57013965063767
"253",8.400000095,8.38733497704871,0.524420573341055,0.137415835369185,0.216352841003327,0.0993722222714765,3.449,0.4,0.7,3.80174008586511,0.316402923443754,-11.2466442974788,-2.36063459926485,2.38174442818915,0.0532827021057812,-0.0396219569748652,0.066399893209338,5.57338455745538
"254",8.43333292,8.36986561571567,0.52277918616519,0.137261541336728,0.216254874465604,0.128278099968811,3.449,0.4,0.7,3.81214507304357,0.318395136890731,-11.3259621813144,-2.36120045956032,2.38257068592382,0.0575122768838704,-0.0245807861180691,0.0625450001083158,5.5753180361462
"255",8.466666937,8.3524561849616,0.521148668095745,0.137106597391553,0.216156561427798,0.158694088814955,3.449,0.4,0.7,3.82269256780466,0.320457000870809,-11.4052655995167,-2.36118161097667,2.38282842215328,0.0599933627626634,-0.00985258044813605,0.0607970140472336,5.57592115002532
"256",8.5,8.3351063707192,0.519532641395354,0.138114261648071,0.216797115457268,0.190535598098719,3.449,0.4,0.7,3.83337371740611,0.322517360141779,-11.4845284038231,-2.3605796961507,2.38251001036129,0.0608842896984117,0.00456852210904794,0.0610554512418096,5.57517605271623
"257",8.533333063,8.31781398700075,0.517934731107505,0.138059625677539,0.216762312781125,0.223726202091904,3.449,0.4,0.7,3.84417690592748,0.324512295835584,-11.5637312372988,-2.35939741384163,2.38160962094778,0.0603749865472803,0.0186762544599486,0.0631976382567974,5.57306910270365
"258",8.56666708,8.30057659301517,0.516358717898146,0.13799319408497,0.216720007414572,0.258187449125987,3.449,0.4,0.7,3.85508763283908,0.326387124106479,-11.6428544185464,-2.35763922541985,2.38012421356971,0.058677631753441,0.032454439061112,0.0670548662138988,5.56959318545387
"259",8.599999905,8.28339307845886,0.514808680475407,0.137889725085466,0.21665413978077,0.293832611142542,3.449,0.4,0.7,3.86608841202427,0.328098057151915,-11.7218708872726,-2.3553121652823,2.37805461060793,0.0560181348132798,0.0458795286662174,0.0724083046244908,5.56475022537356
"260",8.633333921,8.26625971453137,0.513288635919751,0.137575187535612,0.216454088031293,0.330573576180673,3.449,0.4,0.7,3.87716225413212,0.329613957969175,-11.8007645965875,-2.3524256882952,2.37540564540864,0.0526271575503164,0.0589273435062516,0.079006642281074,5.55855153270098
"261",8.666666985,8.24917481281214,0.511802958196516,0.137843978655252,0.216625027297193,0.368310812455798,3.449,0.4,0.7,3.88829065696705,0.330916655226839,-11.8795093210806,-2.34899234203341,2.37218693522204,0.0487329500251815,0.0715726776252629,0.0865883860607567,5.55101961221589
"262",8.700000048,8.23213479400223,0.510356025159481,0.137457489779375,0.216379300064602,0.406941663906378,3.449,0.4,0.7,3.8994570611324,0.332001467567442,-11.9580869306072,-2.3450269468026,2.3684122013909,0.0445536266319846,0.083795062341839,0.094903309314981,5.54218657245143
"263",8.733333111,8.21513625947311,0.508952401702429,0.137489413536584,0.216399581410487,0.446356164325876,3.449,0.4,0.7,3.91064635306294,0.33287653768447,-12.0364779788428,-2.34054646833767,2.364099101093,0.0402915017312263,0.09557932761361,0.103724698017527,5.53209373196421
"264",8.766666889,8.19817513064582,0.507596764685655,0.137438356297487,0.216367145800269,0.486439304616314,3.449,0.4,0.7,3.92184613622984,0.333561812445195,-12.1146657203896,-2.33556918017897,2.35926829295092,0.0361279372677206,0.106917781585856,0.112856722752617,5.52078943282093
"265",8.799999952,8.18124809447793,0.506294015139616,0.137385833499067,0.216333786649782,0.52706804960049,3.449,0.4,0.7,3.93304632604913,0.334087366538944,-12.1926294265975,-2.33011430250665,2.35394286915103,0.0322198537956071,0.117810243081285,0.122136695360083,5.5083277117324
"266",8.833333015,8.16435041260132,0.505049100363877,0.137366078883727,0.216321241739895,0.568117046169125,3.449,0.4,0.7,3.94424096110654,0.334491417662888,-12.2703543879432,-2.32420046638691,2.34814657047707,0.0286964967879284,0.128265984615313,0.131436873582854,5.49476412315528
"267",8.866667032,8.1474768868604,0.503867095016185,0.137287764062586,0.216271519533443,0.609456988263959,3.449,0.4,0.7,3.95542772976866,0.334817866865105,-12.34782727718,-2.31784500235956,2.34190274326994,0.0256581582781237,0.138303080579495,0.140663012849873,5.48015329853288
"268",8.900000095,8.13062341852157,0.502753301343698,0.137310392667466,0.216285884732439,0.650951385479745,3.449,0.4,0.7,3.96660689017099,0.33511367020703,-12.4250287586111,-2.31106363791374,2.33523367362812,0.023175929633573,0.14794721988704,0.149751472736279,5.46454738829566
"269",8.93333292,8.11378422406807,0.501713049245795,0.137286881331962,0.216270959182818,0.692464070209899,3.449,0.4,0.7,3.97778286903725,0.335426211100766,-12.5019459708792,-2.30386855267875,2.32815829597463,0.0212916818072551,0.157232805473883,0.158667863259607,5.44799069980909
"270",8.966666937,8.0969527981083,0.500751773964809,0.137214380109911,0.216224943308924,0.733857569426294,3.449,0.4,0.7,3.98896319014656,0.335800665651913,-12.5785677034224,-2.29626781946749,2.32069127325766,0.0200197149175125,0.166201576383534,0.16740296585709,5.43051754500357
"271",9,8.08012407157656,0.499875129517305,0.136456813053558,0.21574499259249,0.774988528436302,3.449,0.4,0.7,4.00015644206849,0.336277518583993,-12.65487417979,-2.28826565656098,2.31284290095576,0.0193489675177326,0.174900653586422,0.175967670806202,5.41215201574239
"272",9.033333063,8.06329103470125,0.499088788695656,0.136361324362025,0.215684609515295,0.815716791706095,3.449,0.4,0.7,4.01137378954957,0.336890479463585,-12.7308519934084,-2.2798602474697,2.30461665861067,0.0192454206324497,0.183383475899269,0.184390578523464,5.3929022543031
"273",9.06666708,8.04644629613975,0.49839854036981,0.136241041873977,0.215608583991702,0.855902294281113,3.449,0.4,0.7,4.0226271122633,0.337664672512929,-12.806486480221,-2.27104381065066,2.29600902022573,0.0196554070236601,0.191708077648479,0.192713056280422,5.37276000970163
