,time,d2_bw1,k_bw1,do,mf_xe,p_atm,x_loc_fit,x_vel_fit,y_loc_fit,y_vel_fit,tot_vel_fit
1,1.467,11.1576111958,0.2974272394,3.387,air,1,0.8512383303,1.0410638941,-0.0086124978,-0.3486140741,1.0978824182
2,1.5,11.1476737165,0.3000165443,3.387,air,1,0.8852217741,1.041542148,-0.0198085999,-0.3524260905,1.0995518156
3,1.534,11.1373519252,0.3026978006,3.387,air,1,0.9203157297,1.041723925,-0.0315286046,-0.3561328933,1.1009175144
4,1.567,11.1272526417,0.3053141306,3.387,air,1,0.9544424347,1.0415933099,-0.0430759378,-0.3595050399,1.1018895122
5,1.6,11.1170730707,0.3079449579,3.387,air,1,0.9886190584,1.0411575497,-0.0547848499,-0.3626447279,1.1025063456
6,1.634,11.1065005253,0.3106714093,3.387,air,1,1.0238681753,1.0403892058,-0.0670085093,-0.3656269298,1.1027659549
7,1.667,11.0961563262,0.3133337549,3.387,air,1,1.0581008945,1.039335709,-0.0790183612,-0.3682681888,1.1026514295
8,1.7,11.085730088,0.3160125141,3.387,air,1,1.0923381511,1.0379836105,-0.0911617439,-0.3706532952,1.1021768647
9,1.734,11.0749013286,0.3187901341,3.387,air,1,1.127601277,1.0362853888,-0.1038017208,-0.3728370643,1.1013150701
10,1.767,11.0643062172,0.3215036519,3.387,air,1,1.1618000955,1.0343500924,-0.1161835632,-0.3746867827,1.1001228562
11,1.8,11.0536266571,0.3242348417,3.387,air,1,1.1959566914,1.032143122,-0.1286659214,-0.3762677678,1.0985885751
12,1.834,11.0425341727,0.3270675505,3.387,air,1,1.2310883215,1.0295987101,-0.1416194072,-0.3776138201,1.0966611605
13,1.9,11.0207389313,0.3326213113,3.387,air,1,1.2990524221,1.0239366728,-0.1669852752,-0.3794064683,1.0919686708
14,1.934,11.009373482,0.3355107634,3.387,air,1,1.3339155477,1.0206831427,-0.1801410355,-0.379909949,1.089093957
15,1.967,10.9982513164,0.3383336357,3.387,air,1,1.3676392202,1.0173315953,-0.1929510783,-0.3801289435,1.0860301968
16,2,10.9870383444,0.3411744681,3.387,air,1,1.4012387094,1.0138093235,-0.2057897228,-0.3800860498,1.0827163754
17,2.034,10.9753893519,0.3441199006,3.387,air,1,1.4357150994,1.0100237224,-0.2190349411,-0.379772801,1.0790622318
18,2.067,10.9639883266,0.3469963187,3.387,air,1,1.4690303278,1.0062195469,-0.2318957845,-0.3792131358,1.0753047842
19,2.1,10.9524928144,0.3498896521,3.387,air,1,1.5021917529,1.0023097186,-0.2447503501,-0.3784077867,1.071362322
20,2.134,10.9405488065,0.352887802,3.387,air,1,1.5361890886,0.9981947104,-0.2579762731,-0.3773281278,1.0671312927
21,2.167,10.9288575996,0.3558137804,3.387,air,1,1.5690157467,0.9941399803,-0.2707846161,-0.3760450604,1.0628848423
22,2.2,10.9170680942,0.3587548242,3.387,air,1,1.6016686991,0.9900486164,-0.2835543698,-0.3745380762,1.0585249328
23,2.234,10.9048171894,0.3617999183,3.387,air,1,1.6351249391,0.9858192723,-0.2966601952,-0.3727597257,1.0539399654
24,2.267,10.8928242454,0.3647690478,3.387,air,1,1.66741329,0.9817242539,-0.3093213246,-0.3708231916,1.049424771
25,2.3,10.8807292231,0.3677506084,3.387,air,1,1.6995186163,0.977661997,-0.3219148049,-0.3686880242,1.0448702501
26,2.334,10.8681596394,0.3708344278,3.387,air,1,1.7324047571,0.9735346141,-0.3348098371,-0.3662897468,1.0401624024
27,2.367,10.8558536671,0.373837962,3.387,air,1,1.764137919,0.9696074676,-0.3472392572,-0.3637786892,1.0356030011
28,2.4,10.8434420335,0.3768505533,3.387,air,1,1.7956901171,0.9657796696,-0.3595755234,-0.3610963167,1.0310775529
29,2.434,10.8305426036,0.3799625709,3.387,air,1,1.8280127042,0.9619617301,-0.3721801539,-0.3581633024,1.0264751928
30,2.467,10.8179130746,0.3829895844,3.387,air,1,1.8592092043,0.9583986619,-0.3843043361,-0.3551618142,1.0220899712
31,2.5,10.8051746607,0.3860216077,3.387,air,1,1.8902391104,0.9549951347,-0.3963136146,-0.3520174722,1.0178074514
32,2.534,10.791935338,0.3891491978,3.387,air,1,1.9220430991,0.9516740062,-0.4085599774,-0.3486385151,1.013524656
33,2.567,10.7789729714,0.3921868101,3.387,air,1,1.9527596148,0.9486472874,-0.4203170698,-0.3452335286,1.0095136776
34,2.6,10.7658990095,0.3952247995,3.387,air,1,1.9833369068,0.945829084,-0.4319416059,-0.3417146922,1.0056647489
35,2.634,10.7523113486,0.3983535111,3.387,air,1,2.0147076907,0.943156942,-0.4437746524,-0.337980257,1.0018860571
36,2.667,10.7390085656,0.4013871716,3.387,air,1,2.0450401169,0.9407988259,-0.4551157371,-0.3342596426,0.9984147132
37,2.7,10.7255921314,0.4044160973,3.387,air,1,2.0752730713,0.9386808503,-0.4663112515,-0.3304539321,0.9951490039
38,2.734,10.7116497278,0.4075299838,3.387,air,1,2.1063343894,0.9367557093,-0.4776904133,-0.3264536329,0.9920096942
39,2.767,10.6980010628,0.4105438086,3.387,air,1,2.1364135665,0.9351395002,-0.4885811955,-0.322503266,0.9891886783
40,2.8,10.6842374692,0.4135474273,3.387,air,1,2.1664421885,0.9337717422,-0.4993185354,-0.3184949474,0.9865944952
41,2.867,10.6559388036,0.4196065712,3.387,air,1,2.227324894,0.9317434535,-0.5206411855,-0.3102123773,0.9820272818
42,2.9,10.6418259366,0.4225678149,3.387,air,1,2.2573051286,0.9310981356,-0.5309069761,-0.3060771844,0.9801157998
43,2.934,10.6271648709,0.4256001435,3.387,air,1,2.2882127186,0.9306620204,-0.5413206638,-0.3017879782,0.9783699607
44,2.967,10.6128182136,0.4285232243,3.387,air,1,2.3182456975,0.9304463298,-0.5512702587,-0.2976033466,0.9768818376
45,3,10.5983568,0.4314246121,3.387,air,1,2.3483274783,0.9304186428,-0.5610653568,-0.293402987,0.9755840116
46,3.034,10.5833375692,0.4343892183,3.387,air,1,2.3793861744,0.9305673986,-0.5709970265,-0.2890639609,0.9744299138
47,3.067,10.5686445416,0.4372407109,3.387,air,1,2.4096073309,0.9308633412,-0.5804826191,-0.2848457309,0.9734699021
48,3.1,10.5538383433,0.4400647726,3.387,air,1,2.4399142205,0.9312869805,-0.5898182859,-0.2806242685,0.9726486623
49,3.134,10.5384659013,0.4429437581,3.387,air,1,2.4712390401,0.9318332296,-0.5992820206,-0.2762744609,0.9719263066
50,3.167,10.5234323681,0.4457064356,3.387,air,1,2.5017472419,0.9324459596,-0.6083191488,-0.2720544135,0.971323361
51,3.2,10.5082882972,0.4484361327,3.387,air,1,2.5323651122,0.9331156633,-0.6172122644,-0.2678377701,0.9707944747
52,3.234,10.4925708651,0.4512121861,3.387,air,1,2.5640308708,0.9338392028,-0.6262263877,-0.2634979991,0.970302454
53,3.267,10.4772058734,0.4538695273,3.387,air,1,2.5948856939,0.9345482664,-0.6348333406,-0.2592909038,0.9698516562
54,3.3,10.4617340268,0.4564886578,3.387,air,1,2.6258616725,0.9352382577,-0.6433023572,-0.255088788,0.9694023357
55,3.334,10.4456831001,0.4591454637,3.387,air,1,2.6579044047,0.9359018382,-0.6518857614,-0.2507640694,0.9689142735
56,3.367,10.4299988594,0.4616820401,3.387,air,1,2.6891291309,0.9364730035,-0.6600805274,-0.24657023,0.968389676
57,3.4,10.414212472,0.4641756153,3.387,air,1,2.7204753183,0.9369453759,-0.6681428959,-0.2423786885,0.9677882341
58,3.434,10.3978427444,0.4666982299,3.387,air,1,2.7528959427,0.9373000615,-0.6763128151,-0.2380607069,0.9670596184
59,3.467,10.3818545256,0.4691000575,3.387,air,1,2.7844801386,0.9374879396,-0.6841112209,-0.2338681016,0.9662183634
60,3.5,10.3657698428,0.4714546398,3.387,air,1,2.8161745433,0.9374935596,-0.6917816921,-0.2296713572,0.9652166113
61,3.534,10.3490990474,0.4738298227,3.387,air,1,2.8489375831,0.9372789047,-0.6995519687,-0.2253400574,0.9639864556
62,3.567,10.3328250023,0.4760846675,3.387,air,1,2.880833391,0.9368275153,-0.7069658704,-0.2211256647,0.9625707002
63,3.6,10.3164610741,0.4782886582,3.387,air,1,2.9128137508,0.9361081282,-0.7142544377,-0.2168973528,0.9609073261
64,3.634,10.299509745,0.4805051506,3.387,air,1,2.9458386221,0.9350571342,-0.7216330518,-0.2125223036,0.9589043611
65,3.667,10.28297065,0.4826027798,3.387,air,1,2.9779505382,0.9337084542,-0.7286675517,-0.2082537218,0.9566509762
66,3.7,10.2663490498,0.4846466517,3.387,air,1,3.0101031241,0.9320097354,-0.7355763042,-0.2039590265,0.9540657374
67,3.734,10.2491402074,0.4866953951,3.387,air,1,3.0432526354,0.9298675612,-0.7425618318,-0.1995023883,0.9510283299
68,3.767,10.2323591338,0.4886277682,3.387,air,1,3.0754275834,0.9273849468,-0.7492116967,-0.1951416523,0.9476935707
69,3.8,10.2155036063,0.4905042353,3.387,air,1,3.1075797747,0.9244848045,-0.7557312989,-0.190742176,0.9439569543
70,3.867,10.1810642885,0.4941399202,3.387,air,1,3.1726851011,0.9172456405,-0.7685566607,-0.1816755064,0.9350644655
71,3.9,10.1640003322,0.4958440435,3.387,air,1,3.2046124586,0.912990521,-0.7746645965,-0.1771372085,0.9300157429
72,3.934,10.1463534736,0.4975396117,3.387,air,1,3.2373721122,0.9081201459,-0.7808081853,-0.1724077394,0.9243411859
73,3.967,10.1291647926,0.49912669,3.387,air,1,3.2690085118,0.9029183398,-0.7866219209,-0.1677635717,0.9183714631
74,4,10.111919184,0.5006559167,3.387,air,1,3.300459755,0.8972499819,-0.7922844491,-0.163065404,0.9119472879
75,4.034,10.0940946124,0.5021709552,3.387,air,1,3.3326420419,0.8909266166,-0.7979558065,-0.1581681109,0.9048576615
76,4.067,10.0767426753,0.5035827517,3.387,air,1,3.3636358043,0.884328007,-0.8032978528,-0.153360249,0.8975273756
77,4.1,10.0593429455,0.5049368902,3.387,air,1,3.3943663956,0.8772855326,-0.8084753756,-0.1484997948,0.8897651908
78,4.134,10.0413691592,0.5062719995,3.387,air,1,3.4257286146,0.8695788803,-0.8136331614,-0.1434390387,0.8813297833
79,4.167,10.0238816918,0.5075098593,3.387,air,1,3.4558556532,0.8616764639,-0.8184635347,-0.1384782785,0.8727328125
80,4.2,10.0063555683,0.5086909918,3.387,air,1,3.4856546507,0.8533743515,-0.8231167902,-0.1334725872,0.8637492202
81,4.234,9.9882610704,0.5098490711,3.387,air,1,3.5159944733,0.844421066,-0.8277218193,-0.128272163,0.8541081223
82,4.267,9.9706656103,0.5109165218,3.387,air,1,3.5450735938,0.835362077,-0.8320041127,-0.1231872994,0.8443961809
83,4.3,9.953040442,0.511928859,3.387,air,1,3.5737748542,0.8259587,-0.8360985885,-0.1180704368,0.8343550816
84,4.334,9.9348531469,0.5129149384,3.387,air,1,3.6029365057,0.8159306138,-0.8401175015,-0.1127706284,0.8236868223
85,4.367,9.9171764693,0.5138175097,3.387,air,1,3.6308308285,0.8058877915,-0.8438216133,-0.1076055324,0.8130400256
86,4.4,9.8994786567,0.5146671939,3.387,air,1,3.6583107506,0.795559828,-0.8473295451,-0.1024258834,0.8021262379
87,4.434,9.8812253112,0.5154882147,3.387,air,1,3.6861798148,0.7846415539,-0.8507362558,-0.0970811465,0.7906245108
88,4.467,9.8634928769,0.5162332102,3.387,air,1,3.7127898993,0.7737955115,-0.8538393848,-0.0918930983,0.7792328504
89,4.5,9.8457473339,0.5169280735,3.387,air,1,3.7389596085,0.7627242685,-0.8567405421,-0.0867123166,0.7676375028
90,4.534,9.8274529796,0.5175926261,3.387,air,1,3.76545476,0.7511028651,-0.8595170288,-0.0813907973,0.7554998185
91,4.567,9.8096884344,0.5181888567,3.387,air,1,3.7907109512,0.7396351381,-0.8620045982,-0.0762504839,0.7435551585
92,4.6,9.7919181107,0.5187381439,3.387,air,1,3.8155094047,0.7280019654,-0.8642875021,-0.071143768,0.7314699566
93,4.634,9.77360562,0.5192561717,3.387,air,1,3.8405763262,0.715863946,-0.866425469,-0.0659276438,0.7188933463
94,4.667,9.755830374,0.5197136605,3.387,air,1,3.8644339011,0.7039550827,-0.8682931824,-0.0609192874,0.7065861009
95,4.7,9.7380558676,0.5201277265,3.387,air,1,3.8878239909,0.6919398407,-0.8699575909,-0.0559750505,0.6942002229
96,4.734,9.7197455816,0.5205102093,3.387,air,1,3.9114321678,0.6794694849,-0.8714614149,-0.0509594523,0.6813777563
97,4.767,9.7019784974,0.5208398795,3.387,air,1,3.9338687501,0.667296959,-0.8727183764,-0.0461788353,0.6688929035
98,4.8,9.6842177832,0.5211298755,3.387,air,1,3.9558349468,0.6550753102,-0.8737785043,-0.0414956596,0.656388263
99,4.867,9.6481844889,0.521601866,3.387,air,1,3.9989879965,0.6301855389,-0.8753399992,-0.032333424,0.6310144719
100,4.9,9.6304527846,0.5217794277,3.387,air,1,4.0195331017,0.6179248074,-0.8758268421,-0.02801365,0.6185594815
101,4.934,9.6121967822,0.52192629,3.387,air,1,4.0402134956,0.6053156547,-0.876140772,-0.0237114633,0.6057798902
102,4.967,9.5944916556,0.522035137,3.387,air,1,4.0598148742,0.593116801,-0.8762692409,-0.0196905848,0.5934435599
103,5,9.5768014323,0.5221120919,3.387,air,1,4.0789549402,0.5809731735,-0.8762304603,-0.0158322468,0.5811888577
104,5.034,9.5585918624,0.5221593772,3.387,air,1,4.0981952792,0.5685361079,-0.8760227131,-0.0120370412,0.5686635176
105,5.067,9.5409351069,0.522175518,3.387,air,1,4.1164069548,0.5565532458,-0.8756655794,-0.0085374604,0.5566187238
106,5.1,9.5232962426,0.5221636262,3.387,air,1,4.1341656992,0.5446731339,-0.8751629043,-0.005227726,0.5446982209
107,5.134,9.5051424461,0.5221233765,3.387,air,1,4.1519920398,0.5325568242,-0.8745011262,-0.0020247016,0.532560673
108,5.167,9.4875423512,0.5220584056,3.387,air,1,4.1688405579,0.5209329758,-0.8737276101,0.0008755174,0.5209337115
109,5.2,9.4699624085,0.5219691504,3.387,air,1,4.1852455824,0.5094590919,-0.8728334714,0.0035631681,0.5094715522
110,5.234,9.4518714598,0.5218530639,3.387,air,1,4.2016874308,0.4978113352,-0.8717954195,0.0061030132,0.4978487444
111,5.267,9.43433424,0.5217181918,3.387,air,1,4.217202585,0.4866918005,-0.8706839098,0.0083393817,0.4867632422
112,5.3,9.4168188365,0.521562631,3.387,air,1,4.2322850992,0.4757723922,-0.8694795607,0.0103446458,0.4758848399
113,5.334,9.3987959483,0.5213819316,3.387,air,1,4.2473765576,0.4647501847,-0.8681520501,0.0121634109,0.4649093274
114,5.367,9.3813261528,0.5211878816,3.387,air,1,4.2615939672,0.4542925723,-0.8667900219,0.0136837682,0.4544986103
115,5.4,9.3638793832,0.520976567,3.387,air,1,4.2753928735,0.444091402,-0.8653663917,0.0149585197,0.4443432577
116,5.434,9.3459283479,0.5207419455,3.387,air,1,4.289178491,0.4338708157,-0.8638470891,0.0160110774,0.4341661425
117,5.467,9.3285292904,0.5204989197,3.387,air,1,4.3021469211,0.4242538432,-0.8623335915,0.0167763904,0.4245854104
118,5.5,9.3111541507,0.5202418854,3.387,air,1,4.3147177779,0.4149577653,-0.8607942965,0.0172869616,0.4153176929
119,5.534,9.2932777667,0.5199635102,3.387,air,1,4.327263476,0.4057399329,-0.859195069,0.0175452029,0.4061191048
120,5.567,9.2759519232,0.5196812214,3.387,air,1,4.3390569836,0.3971668768,-0.857643852,0.0175357681,0.3975538092
121,5.6,9.2586506885,0.5193880355,3.387,air,1,4.3504854611,0.3889863379,-0.8561077821,0.0172713286,0.38936958
122,5.634,9.2408511227,0.5190756253,3.387,air,1,4.3618934079,0.3809942222,-0.8545563098,0.0167350452,0.3813615857
123,5.667,9.223600452,0.5187633843,3.387,air,1,4.372626245,0.373685554,-0.8530958738,0.0159630331,0.3740263516
124,5.7,9.2063749614,0.5184432511,3.387,air,1,4.383042814,0.3668426029,-0.851695272,0.0149496902,0.3671470939
125,5.734,9.1886540018,0.5181061935,3.387,air,1,4.3934654605,0.3603035384,-0.850330568,0.0136621029,0.3605624673
126,5.767,9.1714801478,0.5177730342,3.387,air,1,4.4033036611,0.3544750615,-0.8490970635,0.0121867925,0.3546844896
127,5.8,9.1543319615,0.5174349273,3.387,air,1,4.4128921592,0.3491770389,-0.8479675498,0.0105020322,0.3493349355
128,5.834,9.1366911287,0.5170824207,3.387,air,1,4.4225368781,0.344291819,-0.8469267127,0.0085627345,0.3443982826
129,5.9,9.1025258834,0.5163900428,3.387,air,1,4.4406896272,0.3365284644,-0.845311526,0.0042784993,0.3365556609
130,5.934,9.0849663833,0.5160312368,3.387,air,1,4.4498067702,0.3334381116,-0.8447103145,0.0018444287,0.3334432129
131,5.967,9.0679499664,0.5156829272,3.387,air,1,4.45854214,0.3310396913,-0.8442886052,-0.0006371133,0.3310403044
132,6,9.0509598296,0.5153355485,3.387,air,1,4.4671941742,0.3292371686,-0.8440329162,-0.0032135321,0.3292528511
133,6.034,9.0334823476,0.5149796535,3.387,air,1,4.4760506383,0.3280045064,-0.8439482528,-0.0059431867,0.3280583449
134,6.067,9.0165455919,0.5146371878,3.387,air,1,4.4846183596,0.3274129946,-0.8440428613,-0.0086418576,0.3275270229
135,6.1,8.9996350643,0.5142986394,3.387,air,1,4.4931846905,0.3274140957,-0.8443131937,-0.0113657962,0.3276113114
136,6.134,8.9822394212,0.5139549782,3.387,air,1,4.5020357003,0.3280298557,-0.8447755279,-0.0141746057,0.3283359646
137,6.167,8.9653817783,0.5136274401,3.387,air,1,4.5106753883,0.3292176451,-0.8454012157,-0.0168801323,0.3296501126
138,6.2,8.9485498922,0.5133068339,3.387,air,1,4.5193865487,0.330979445,-0.8461984508,-0.0195433195,0.3315559295
139,6.234,8.9312345975,0.5129848139,3.387,air,1,4.5284596618,0.3333865918,-0.8471950918,-0.0222206993,0.3341262921
140,6.267,8.9144540876,0.5126813394,3.387,air,1,4.5373826926,0.3362888568,-0.8483273236,-0.0247340095,0.3371972219
141,6.3,8.8976982839,0.5123877999,3.387,air,1,4.5464414325,0.3397398011,-0.8496158531,-0.0271436447,0.3408224023
142,6.334,8.8804600392,0.5120967885,3.387,air,1,4.5559377451,0.3438598072,-0.8510994551,-0.0294982395,0.3451227508
143,6.367,8.8637527649,0.5118264126,3.387,air,1,4.5653332563,0.3483972661,-0.8526826912,-0.0316411259,0.3498311248
144,6.4,8.8470684101,0.5115688905,3.387,air,1,4.5749244714,0.3534560113,-0.8543981121,-0.0336266814,0.355051976
145,6.434,8.8299016213,0.5113179891,3.387,air,1,4.5850319265,0.3592032269,-0.856293473,-0.0354910398,0.3609523128
146,6.467,8.813261312,0.511089393,3.387,air,1,4.5950816414,0.3652906076,-0.8582463851,-0.0371092068,0.3671706977
147,6.5,8.7966412664,0.5108763819,3.387,air,1,4.6053879795,0.3718687978,-0.8602992803,-0.0385248288,0.3738590178
148,6.534,8.7795376312,0.5106741022,3.387,air,1,4.6162971204,0.3791473384,-0.8625058763,-0.0397580401,0.3812261874
149,6.567,8.7629552797,0.510495271,3.387,air,1,4.6271892345,0.3866847843,-0.8647228144,-0.0407245471,0.3888233675
150,6.6,8.7463895772,0.5103344382,3.387,air,1,4.6384025654,0.3946734247,-0.866999723,-0.0414539343,0.3968444794
151,6.634,8.7293378064,0.5101882971,3.387,air,1,4.6503148022,0.4033586045,-0.8693928181,-0.0419485307,0.4055340221
152,6.667,8.7128014543,0.5100661052,3.387,air,1,4.6622476529,0.4122102365,-0.8717456771,-0.0421724245,0.41436191
153,6.7,8.6962771477,0.5099638587,3.387,air,1,4.6745676883,0.4214561244,-0.8741124239,-0.0421391948,0.4235575245
154,6.734,8.6792628733,0.509879917,3.387,air,1,4.6876880076,0.4313695201,-0.8765486903,-0.0418331633,0.4333932123
155,6.767,8.662757591,0.5098196684,3.387,air,1,4.700857012,0.4413403708,-0.8788950005,-0.0412716763,0.4432659181
156,6.8,8.6462588034,0.5097806904,3.387,air,1,4.7144724148,0.4516260582,-0.8812076866,-0.0404511231,0.4534339972
157,6.867,8.6127727994,0.5097680265,3.387,air,1,4.7435532221,0.4733480146,-0.8857392324,-0.0380042785,0.4748712122
158,6.9,8.5962810057,0.5097948076,3.387,air,1,4.7586098392,0.4843920692,-0.8878630473,-0.036426863,0.48575981
159,6.934,8.5792871984,0.5098452125,3.387,air,1,4.7746413828,0.4959599762,-0.8899596009,-0.0345558393,0.4971623518
160,6.967,8.5627886375,0.5099161571,3.387,air,1,4.7907099612,0.5073353392,-0.8918950129,-0.0325107281,0.5083759376
161,7,8.5462831815,0.510008569,3.387,air,1,4.8072814312,0.5188212673,-0.8937234878,-0.0302498996,0.51970238
162,7.034,8.5292678036,0.5101258788,3.387,air,1,4.8248798511,0.5307355289,-0.8954877002,-0.0277056993,0.5314581897
163,7.067,8.5127409085,0.5102607235,3.387,air,1,4.8424659363,0.5423446478,-0.8970776934,-0.0250381938,0.542922304
164,7.1,8.4961997423,0.5104156666,3.387,air,1,4.8605430965,0.553968366,-0.8985423781,-0.0221854239,0.5544124309
165,7.134,8.4791398036,0.5105955996,3.387,air,1,4.8796722731,0.5659308851,-0.8999165553,-0.0190621714,0.5662518283
166,7.167,8.4625621042,0.5107891096,3.387,air,1,4.8987170915,0.577503544,-0.9011166447,-0.0158607846,0.5777213064
167,7.2,8.4459627185,0.5110002689,3.387,air,1,4.9182204481,0.5890171632,-0.9021831183,-0.012499476,0.5891497733
168,7.234,8.4288351105,0.5112351761,3.387,air,1,4.9387798961,0.6007986531,-0.9031407308,-0.0088758023,0.6008642122
169,7.267,8.4121843836,0.5114788118,3.387,air,1,4.9591710134,0.6121394923,-0.9039321526,-0.0052083386,0.6121616493
170,7.3,8.3955048836,0.5117365478,3.387,air,1,4.9799765198,0.6233754893,-0.9045868282,-0.0013969466,0.6233770545
171,7.334,8.3782875264,0.5120153526,3.387,air,1,5.0018293675,0.6348329107,-0.9051175468,0.0026772755,0.6348385561
172,7.367,8.3615429381,0.5122972632,3.387,air,1,5.0234279351,0.645831727,-0.9054922412,0.0067726583,0.6458672375
173,7.4,8.344763209,0.5125886583,3.387,air,1,5.0453933732,0.6567076929,-0.9057275609,0.0110059694,0.6567999127
174,7.434,8.3274362678,0.512896961,3.387,air,1,5.0683920206,0.6677845452,-0.9058227953,0.0155118157,0.6679646812
175,7.467,8.3105795626,0.5132021415,3.387,air,1,5.0910559603,0.6784132855,-0.9057705334,0.020026004,0.6787087938
176,7.5,8.2936824593,0.5135112139,3.387,air,1,5.1140425031,0.6889266902,-0.9055734903,0.0246805511,0.6893686344
177,7.534,8.2762295629,0.5138315703,3.387,air,1,5.1380494588,0.699646069,-0.9052161668,0.029625291,0.7002730038
178,7.567,8.259246232,0.5141421896,3.387,air,1,5.1616527923,0.7099510079,-0.9047162527,0.0345721619,0.7107922819
179,7.6,8.2422187247,0.5144502762,3.387,air,1,5.1855439187,0.7201703622,-0.9040617196,0.0396675636,0.7212619955
180,7.634,8.2246281154,0.5147626506,3.387,air,1,5.2104512645,0.7306244831,-0.903221127,0.045076337,0.7320136689
181,7.667,8.2075084744,0.515058546,3.387,air,1,5.2349032119,0.740714138,-0.9022390838,0.0504840024,0.7424325348
182,7.7,8.1903426826,0.5153448496,3.387,air,1,5.2596239963,0.7507642564,-0.9010881901,0.0560509824,0.7528536918
183,7.734,8.1726082262,0.5156272313,3.387,air,1,5.2853731456,0.7610956361,-0.8997201018,0.0619571415,0.7636132887
184,7.767,8.155348336,0.5158865562,3.387,air,1,5.3106365847,0.7711182291,-0.8982095368,0.0678587223,0.7740982686
185,7.8,8.1380423828,0.51612884,3.387,air,1,5.3361705835,0.7811529864,-0.8965132138,0.0739304135,0.7846436734
186,7.834,8.1201643741,0.5163580045,3.387,air,1,5.3627669257,0.7915213298,-0.8945651791,0.0803675687,0.7955909511
187,7.9,8.0853253737,0.5167334121,3.387,air,1,5.4152635284,0.8117901875,-0.8901808514,0.0934024056,0.8171458364
188,7.934,8.0673110799,0.516885797,3.387,air,1,5.4427760838,0.8223286026,-0.8876006691,0.1004021343,0.8284352233
189,7.967,8.0497850958,0.5170037037,3.387,air,1,5.4698005563,0.8326309392,-0.8848806772,0.107386032,0.8395272722
190,8,8.0322200117,0.5170896493,3.387,air,1,5.4971545051,0.8430104724,-0.8819438002,0.1145611137,0.8507590172
191,8.034,8.0140839106,0.517142307,3.387,air,1,5.525696188,0.8537866862,-0.8786868663,0.1221582569,0.8624815043
192,8.067,7.9964459654,0.5171562578,3.387,air,1,5.5537605389,0.8643239492,-0.8752977164,0.1297357435,0.8740064372
193,8.1,7.9787758414,0.5171313984,3.387,air,1,5.5821949685,0.8749333628,-0.8716805674,0.1375198342,0.885674937
194,8.134,7.960539525,0.5170629819,3.387,air,1,5.6118914608,0.8859318707,-0.8677120243,0.1457629555,0.8978430367
195,8.167,7.9428128105,0.5169529901,3.387,air,1,5.6411152672,0.8966622075,-0.8636224465,0.1539880807,0.9097886806
196,8.2,7.9250629809,0.5167981627,3.387,air,1,5.670744738,0.9074344922,-0.8592956534,0.1624431417,0.9218596054
197,8.234,7.9067547181,0.5165898937,3.387,air,1,5.7017065555,0.918561673,-0.8545864051,0.1714053895,0.9344171203
198,8.267,7.8889686916,0.5163387688,3.387,air,1,5.7321880696,0.9293722556,-0.8497683678,0.1803590643,0.946711245
199,8.3,7.8711705098,0.5160378958,3.387,air,1,5.7631007007,0.9401748696,-0.8447030873,0.1895765097,0.9590975125
200,8.334,7.8528244788,0.5156744668,3.387,air,1,5.7954071018,0.9512754653,-0.8392214043,0.1993636853,0.971941814
201,8.367,7.8350140168,0.5152686571,3.387,air,1,5.8272114188,0.9619991435,-0.8336409358,0.2091603484,0.984474684
202,8.4,7.8172039139,0.5148095523,3.387,air,1,5.859460169,0.9726501819,-0.8277987698,0.2192665034,0.9970587625
203,8.434,7.7988591371,0.5142799128,3.387,air,1,5.8931525649,0.9835226594,-0.8214989968,0.2300213295,1.0100626879
204,8.467,7.7810634152,0.5137102222,3.387,air,1,5.9263066125,0.9939512544,-0.8151043427,0.2408116114,1.0227068633
205,8.5,7.7632817003,0.5130852573,3.387,air,1,5.9599047231,1.004231201,-0.808424599,0.2519686605,1.0353591217
206,8.534,7.7449807319,0.5123832441,3.387,air,1,5.994981614,1.0146386798,-0.8012330831,0.2638695668,1.0483886678
207,8.567,7.7272418833,0.5116453853,3.387,air,1,6.0294682526,1.0245331655,-0.7939401858,0.2758364908,1.0610155403
208,8.6,7.7095313427,0.5108519818,3.387,air,1,6.0643820064,1.0341955759,-0.7863246703,0.2882355246,1.0736108265
209,8.634,7.6913187717,0.5099767598,3.387,air,1,6.1007900398,1.0438784409,-0.7781236997,0.3014855564,1.0865430227
210,8.667,7.67368039,0.5090717147,3.387,air,1,6.1365381893,1.052983795,-0.7698007191,0.3148293881,1.0990415898
211,8.7,7.6560847539,0.5081126373,3.387,air,1,6.1726764204,1.0617736369,-0.7610990314,0.3286705001,1.1114798935
212,8.734,7.6380055943,0.5070689286,3.387,air,1,6.210299828,1.0704727938,-0.751713364,0.3434716198,1.1242262921
213,8.767,7.6205111504,0.5060030998,3.387,air,1,6.2471755596,1.0785451293,-0.7421701963,0.3583799936,1.1365279652
214,8.8,7.6030734975,0.5048865363,3.387,air,1,6.2843833038,1.0862302767,-0.7321727944,0.373838043,1.1487606785
215,8.867,7.5678627853,0.5024697746,3.387,air,1,6.3608504839,1.1005678708,-0.7103584113,0.4069603386,1.1733994868
216,8.9,7.5506239563,0.5012092009,3.387,air,1,6.3989174405,1.1069777792,-0.6988052634,0.4241447272,1.1854528895
217,8.934,7.5329401529,0.4998647342,3.387,air,1,6.4383798458,1.1131182343,-0.6862995031,0.4424542978,1.1978305428
218,8.967,7.5158555761,0.4985176955,3.387,air,1,6.4768893057,1.1186226792,-0.6735444019,0.4608097434,1.2098191262
219,9,7.4988526628,0.4971315337,3.387,air,1,6.5155770549,1.1236767074,-0.6601496798,0.4797348238,1.2217998379
220,9.034,7.4814236088,0.495665082,3.387,air,1,6.5555969334,1.1284143035,-0.6456475064,0.499819015,1.2341547262
221,9.067,7.4645970085,0.4942073068,3.387,air,1,6.5945701042,1.1325611776,-0.6308601717,0.5198675325,1.2461769827
222,9.1,7.4478619755,0.492718392,3.387,air,1,6.6336488021,1.1362701902,-0.6153424627,0.5404464603,1.2582497056
223,9.134,7.4307185481,0.4911548516,3.387,air,1,6.6739999551,1.1396428101,-0.5985611807,0.5621836103,1.2707620337
224,9.167,7.414177772,0.4896117492,3.387,air,1,6.713230385,1.1424910561,-0.5814761337,0.5837781184,1.2829975467
225,9.2,7.3977362613,0.4880466292,3.387,air,1,6.7525085416,1.1449317053,-0.5635799636,0.6058376555,1.2953408334
226,9.234,7.3809024611,0.4864144466,3.387,air,1,6.7930107278,1.1470322946,-0.5442675029,0.6290244049,1.3081875962
227,9.267,7.3646683567,0.4848145899,3.387,air,1,6.8323406823,1.1486812724,-0.5246510524,0.651945557,1.320795849
228,9.3,7.348538717,0.4832026858,3.387,air,1,6.8716775243,1.149957774,-0.5041532843,0.6752464502,1.3335518927
229,9.334,7.3320307523,0.4815329511,3.387,air,1,6.9122028767,1.1508947856,-0.4820902587,0.6996167335,1.3468564813
230,9.367,7.3161163648,0.4799071614,3.387,air,1,6.951523902,1.1514473503,-0.4597390662,0.7235879186,1.3599303205
231,9.4,7.3003089365,0.47827982,3.387,air,1,6.9908250266,1.1516572519,-0.436445279,0.7478354541,1.3731614225
232,9.434,7.2841345828,0.4766052621,3.387,air,1,7.0312892448,1.1515230776,-0.4114403819,0.7730660788,1.386952256
233,9.467,7.2685446279,0.474985609,3.387,air,1,7.0705301918,1.1510590292,-0.3861775793,0.7977535445,1.4004812053
234,9.5,7.2530613124,0.473375083,3.387,air,1,7.1097329057,1.1502708935,-0.3599201636,0.8225927729,1.4141364851
235,9.534,7.2372195698,0.4717290017,3.387,air,1,7.1500779399,1.1491233126,-0.3318116464,0.8482941852,1.4283162858
236,9.567,7.2219502027,0.4701477547,3.387,air,1,7.1891864695,1.1476856218,-0.3034927821,0.8732951105,1.4421604059
237,9.6,7.2067843319,0.4685861468,3.387,air,1,7.2282399783,1.1459293408,-0.274142256,0.898297608,1.4560537925
238,9.634,7.1912653987,0.4670013213,3.387,air,1,7.2684125502,1.1437857979,-0.2428158459,0.924000937,1.4703821555
239,9.667,7.1763042923,0.4654898913,3.387,air,1,7.3073335521,1.1413792646,-0.2113525789,0.9488338049,1.4842615049
240,9.7,7.1614408107,0.4640081007,3.387,air,1,7.3461770288,1.1386490366,-0.1788472404,0.973493369,1.4980690799
241,9.734,7.1462263785,0.4625157149,3.387,air,1,7.3861061917,1.1354944548,-0.1442720916,0.9986541079,1.5121698595
242,9.767,7.1315531152,0.4611036255,3.387,air,1,7.4247608336,1.1320980875,-0.1096709239,1.0227724365,1.5256833015
243,9.8,7.1169690739,0.4597303378,3.387,air,1,7.4633041221,1.1283695801,-0.07405741,1.046530646,1.5389750818
244,9.834,7.1020329423,0.4583589634,3.387,air,1,7.5028841392,1.1241788568,-0.0363272242,1.070568546,1.5523836877
245,9.9,7.0732850623,0.4558336522,3.387,air,1,7.5792724753,1.1150313776,0.0398108122,1.1157236447,1.5773820794
246,9.934,7.0585940564,0.4546083315,3.387,air,1,7.6183602931,1.1098013969,0.0804565165,1.1380998659,1.5896321729
247,9.967,7.0444066363,0.4534712593,3.387,air,1,7.6561032035,1.1043944563,0.120780092,1.1591803983,1.6010578724
248,10,7.0302853019,0.4523876674,3.387,air,1,7.6936360154,1.0986685717,0.1619209941,1.1795947851,1.6119914663
249,10.034,7.0158004601,0.4513291342,3.387,air,1,7.7320682479,1.092444961,0.2051157728,1.1998982864,1.6227112776
250,10.067,7.0017994509,0.4503596441,3.387,air,1,7.7691222765,1.086100748,0.2477755061,1.2188718162,1.6325634257
251,10.1,6.9878506284,0.449448706,3.387,air,1,7.8059166079,1.0794699474,0.2911113704,1.2371060236,1.6418546467
252,10.134,6.9735286157,0.4485727797,3.387,air,1,7.8435395258,1.0723529968,0.3364169236,1.2551083672,1.6508294773
253,10.167,6.9596708706,0.4477845297,3.387,air,1,7.8797652839,1.0651836371,0.3809784279,1.2718155362,1.658954773
254,10.2,6.9458505164,0.4470581968,3.387,air,1,7.9156942111,1.0577719014,0.4260726938,1.2877700485,1.6665032533
255,10.234,6.9316452009,0.4463753767,3.387,air,1,7.9523925157,1.0498983857,0.4730431892,1.303428126,1.6736820188
256,10.267,6.9178853951,0.4457767759,3.387,air,1,7.9876949603,1.0420418093,0.5190827346,1.3178806321,1.6800775258
257,10.3,6.9041478231,0.4452416906,3.387,air,1,8.022681362,1.0339884619,0.565524636,1.331615164,1.6859214348
258,10.334,6.8900119453,0.4447569686,3.387,air,1,8.0583951984,1.0254994629,0.613753718,1.3450355021,1.6913809891
259,10.367,6.876304209,0.4443510692,3.387,air,1,8.0927356467,1.0170864507,0.660895599,1.3573754102,1.696152367
260,10.4,6.8626037275,0.4440085295,3.387,air,1,8.1267599482,1.0085125976,0.7083294481,1.3690654922,1.7004228831
261,10.434,6.8484905821,0.4437214294,3.387,air,1,8.1614887448,0.999519095,0.7574727113,1.3804595837,1.7043201235
262,10.467,6.8347901191,0.4435060373,3.387,air,1,8.1948849447,0.9906404892,0.8054048225,1.3909182082,1.70763639
263,10.5,6.8210826283,0.4433521791,3.387,air,1,8.2279818784,0.9816169828,0.8535409528,1.4008176616,1.7105151335
264,10.534,6.8069476783,0.4432570176,3.387,air,1,8.2617777034,0.9721675963,0.9033240523,1.4104676945,1.7130466872
265,10.567,6.7932122936,0.4432250158,3.387,air,1,8.2942941359,0.9628436139,0.9518042338,1.4193364647,1.7151046105
266,10.6,6.7794567655,0.4432512015,3.387,air,1,8.3265396067,0.953360948,1.0004251236,1.4277515756,1.7167910935
267,10.634,6.7652591092,0.4433375556,3.387,air,1,8.3594896278,0.943411713,1.0506508136,1.4359859804,1.7181622147
268,10.667,6.7514505697,0.4434774186,3.387,air,1,8.3912161053,0.9335638827,1.0995148728,1.443593227,1.7191576217
269,10.7,6.7376103397,0.44367081,3.387,air,1,8.4227010268,0.9235062668,1.1484843279,1.450858387,1.719841238
270,10.734,6.7233139621,0.4439241627,3.387,air,1,8.4548952701,0.912897509,1.1990426124,1.4580239154,1.7202370766
271,10.767,6.7093991269,0.4442206349,3.387,air,1,8.4859105292,0.9023313679,1.2482138923,1.4647037615,1.7203368875
272,10.8,6.6954429355,0.4445649168,3.387,air,1,8.5166998189,0.8914663472,1.297485054,1.4711456485,1.7201691101
273,10.834,6.6810176837,0.4449674469,3.387,air,1,8.5481851186,0.8799211911,1.3483582551,1.4775654104,1.719726968
274,10.9,6.6528720899,0.4458785613,3.387,air,1,8.6085955552,0.8563346756,1.4474577107,1.4895022969,1.7181170417
275,10.934,6.6382943305,0.4464100312,3.387,air,1,8.6393294823,0.8434930283,1.4987075827,1.4954252062,1.716909152
276,10.967,6.624091768,0.4469631316,3.387,air,1,8.6688868844,0.8305242541,1.5485948199,1.5010478615,1.7154927045
277,11,6.6098348954,0.447550582,3.387,air,1,8.6981549841,0.8170182399,1.5986369655,1.5065564504,1.7138352145
278,11.034,6.5950878282,0.448189277,3.387,air,1,8.7279816739,0.8025012019,1.6503705309,1.5121185287,1.7118734252
279,11.067,6.5807169597,0.4488392273,3.387,air,1,8.7565839804,0.787790946,1.7007645231,1.5174082337,1.7097199543
280,11.1,6.5662885813,0.4495163889,3.387,air,1,8.7848133013,0.7724371651,1.7513489536,1.5225880121,1.7073176122
281,11.134,6.5513622024,0.4502400551,3.387,air,1,8.8134728034,0.7559145091,1.8036758859,1.5278029295,1.7045786976
282,11.167,6.5368154626,0.4509652765,3.387,air,1,8.8408404086,0.7391689069,1.8546760135,1.5327361168,1.7016611521
283,11.2,6.5222100742,0.4517106834,3.387,air,1,8.8677283945,0.7217030702,1.9058922763,1.5375298531,1.698485611
284,11.234,6.5071008028,0.4524974144,3.387,air,1,8.8948890946,0.7029356533,1.9588922959,1.5423065159,1.6949418638
285,11.267,6.4923766712,0.4532769348,3.387,air,1,8.920684564,0.6839558855,2.0105622579,1.5467666651,1.691237053
286,11.3,6.4775945959,0.4540699803,3.387,air,1,8.9458816752,0.6642122615,2.0624596826,1.5510330659,1.6872704288
287,11.334,6.4623045976,0.4548990058,3.387,air,1,8.9711735877,0.6430636965,2.1161681321,1.5552027598,1.6829101408
288,11.367,6.447406854,0.4557131836,3.387,air,1,8.9950303912,0.6217502714,2.1685270836,1.559005997,1.6784138639
289,11.4,6.4324534171,0.4565347998,3.387,air,1,9.0181643522,0.5996613327,2.2211099492,1.5625432981,1.6736592462
290,11.434,6.4169896762,0.4573871344,3.387,air,1,9.0411990999,0.5760953054,2.2755157527,1.5658810944,1.6684931533
291,11.467,6.4019264317,0.4582182354,3.387,air,1,9.0627364788,0.5524455303,2.3285378928,1.5687939016,1.6632228863
292,11.5,6.3868109328,0.4590514154,3.387,air,1,9.0834235563,0.5280414485,2.3817653697,1.5713547764,1.6577043176
293,11.534,6.37118414,0.459910337,3.387,air,1,9.1038035972,0.5021248276,2.4368102792,1.5735926099,1.6517636164
294,11.567,6.3559667147,0.4607429387,3.387,air,1,9.1226348142,0.4762401915,2.4904226594,1.575343236,1.6457554591
295,11.6,6.3407012713,0.4615730792,3.387,air,1,9.1404891113,0.449660659,2.5442046927,1.5766460603,1.6395144122
296,11.634,6.3249246059,0.4624244162,3.387,air,1,9.1578202161,0.4215797066,2.5997768579,1.577485447,1.6328471406
297,11.667,6.3095663312,0.4632456221,3.387,air,1,9.1735690651,0.393684215,2.653851172,1.5777785431,1.6261526349
298,11.7,6.2941646743,0.4640606746,3.387,air,1,9.1882245935,0.3651974105,2.7080388017,1.5775253586,1.6192453198
299,11.734,6.2782525665,0.4648928958,3.387,air,1,9.2021451744,0.3352754115,2.7639620479,1.5766602647,1.6119141391
300,11.767,6.262767595,0.465692359,3.387,air,1,9.2144809617,0.3057280058,2.8183045042,1.5752038315,1.6045986178
301,11.8,6.2472439005,0.4664827919,3.387,air,1,9.2256324442,0.2757355005,2.8726811578,1.5731120714,1.5970947546
302,11.867,6.2156130648,0.468056671,3.387,air,1,9.2445456238,0.2137036718,2.9830578816,1.5668113386,1.5813181306
303,11.9,6.1999809005,0.4688152574,3.387,air,1,9.2519960989,0.1827086538,3.0373419086,1.5626557405,1.5733008026
304,11.934,6.1838404816,0.4695845351,3.387,air,1,9.2583740374,0.1505526063,3.0931648555,1.5576261371,1.5648850661
305,11.967,6.168142527,0.4703187282,3.387,air,1,9.2633029584,0.1191864833,3.1472051709,1.5520078001,1.5565775372
306,12,6.1524139853,0.4710401863,3.387,air,1,9.2669928652,0.0877234163,3.2010689367,1.5456575232,1.5481448823
307,12.034,6.1361779815,0.4717697543,3.387,air,1,9.2695071381,0.055261693,3.2563404506,1.5383470649,1.5393393216
308,12.067,6.1203906037,0.4724641377,3.387,air,1,9.2707100717,0.0237617052,3.3097299135,1.530508389,1.5306928325
309,12.1,6.104575677,0.4731446608,3.387,air,1,9.2707094298,-0.0076854146,3.3628292304,1.5219433009,1.5219627054
310,12.134,6.0882535644,0.4738309839,3.387,air,1,9.2694688363,-0.0399868075,3.4171955205,1.5123686519,1.5128971822
311,12.167,6.0723851384,0.4744824405,3.387,air,1,9.267081737,-0.0712050401,3.4695940448,1.502360475,1.5040469256
312,12.2,6.0564913754,0.4751191591,3.387,air,1,9.2635509796,-0.1022600552,3.5215939748,1.4916635069,1.4951645852
313,12.234,6.0400900623,0.4757594759,3.387,air,1,9.258740789,-0.1340567284,3.5747166929,1.4799413288,1.4860005192
314,12.267,6.0241464558,0.4763654523,3.387,air,1,9.252957713,-0.1647013239,3.6258031434,1.4679049499,1.4771159291
315,12.3,6.0081789166,0.4769558781,3.387,air,1,9.2461003497,-0.195113481,3.6763898908,1.4552431243,1.4682649016
316,12.334,5.9917028007,0.4775476316,3.387,air,1,9.2379360034,-0.2261886009,3.7279531586,1.4415708754,1.4592079605
317,12.367,5.9756875293,0.4781055957,3.387,air,1,9.2289683322,-0.2560874132,3.7774276194,1.4277217024,1.4505068158
318,12.4,5.9596490359,0.4786470937,3.387,air,1,9.2189953722,-0.2857200826,3.8263071767,1.4133336707,1.4419251126
319,12.434,5.9431003597,0.4791874092,3.387,air,1,9.2076917688,-0.3159676543,3.8760135961,1.3979821568,1.4332444555
320,12.467,5.9270150223,0.4796943688,3.387,air,1,9.1957440868,-0.3450493772,3.9235923385,1.3826085483,1.4250142002
321,12.5,5.9109066796,0.4801837055,3.387,air,1,9.1828550043,-0.3738604283,3.9704857715,1.3668097644,1.4170181904
322,12.534,5.8942861513,0.4806689605,3.387,air,1,9.1686113326,-0.4032658316,4.0180534742,1.350134933,1.4090733367
323,12.567,5.8781311083,0.4811210843,3.387,air,1,9.1538699825,-0.4315428054,4.0634694454,1.3336152468,1.4016985479
324,12.6,5.8619530504,0.4815540915,3.387,air,1,9.1382434085,-0.4595695341,4.1081180578,1.3168193596,1.3947105013
325,12.634,5.8452606765,0.4819796168,3.387,air,1,9.1212346942,-0.4881961908,4.1532921504,1.2992871338,1.3879778733
326,12.667,5.829035913,0.4823719945,3.387,air,1,9.1038597352,-0.5157531653,4.1963129313,1.2821143758,1.3819618664
327,12.7,5.8127882117,0.4827433803,3.387,air,1,9.0856448436,-0.543101996,4.2385034667,1.2648558961,1.3765246878
328,12.734,5.7960242722,0.4831033225,3.387,air,1,9.0660119629,-0.5710807363,4.2810895703,1.2470605366,1.3716024167
329,12.767,5.7797303722,0.4834298877,3.387,air,1,9.0461261771,-0.5980634375,4.3215566758,1.2298524126,1.3675587125
330,12.8,5.7634140305,0.4837332172,3.387,air,1,9.0254304692,-0.6248963214,4.3611660266,1.2127863617,1.3643116109
331,12.834,5.7465801113,0.4840205789,3.387,air,1,9.0032666276,-0.6524081022,4.4010800149,1.195436777,1.361875699
332,12.9,5.7138372031,0.48450206,3.387,air,1,8.9578182817,-0.7055119784,4.4760009002,1.1627667116,1.3600638137
333,12.934,5.6969371964,0.4847089227,3.387,air,1,8.9331568068,-0.7327576102,4.5133126083,1.1466268631,1.3607670185
334,12.967,5.6805141193,0.4848817076,3.387,air,1,8.9084049509,-0.7591566381,4.548724292,1.131517362,1.362589572
335,13,5.6640720933,0.4850260036,3.387,air,1,8.8828440807,-0.7855289496,4.5833761506,1.1170303149,1.3655813616
336,13.034,5.6471130708,0.48514392,3.387,air,1,8.8556546116,-0.812688883,4.6183207874,1.102829335,1.3699254589
337,13.067,5.630635821,0.485227601,3.387,air,1,8.8284263816,-0.8390521034,4.6515433592,1.0898166064,1.3753940046
338,13.1,5.6141431128,0.4852800827,3.387,air,1,8.8003611096,-0.8654275849,4.684125801,1.0776233828,1.3821132587
339,13.134,5.5971359866,0.4853006153,3.387,air,1,8.7705566806,-0.8926223956,4.7170750471,1.0659750507,1.3903515921
340,13.167,5.5806165008,0.4852871415,3.387,air,1,8.7407520969,-0.9190403315,4.7485028832,1.0556065812,1.399621515
341,13.2,5.5640864016,0.4852399666,3.387,air,1,8.7100686756,-0.9454806175,4.7794377466,1.0462048121,1.4101340741
342,13.234,5.5470462995,0.4851553303,3.387,air,1,8.6775193235,-0.9727410693,4.8108493757,1.0375689589,1.4222427825
343,13.267,5.5305006565,0.4850375083,3.387,air,1,8.6450013779,-0.9992096362,4.8409444879,1.0302403802,1.4352056083
344,13.3,5.5139506113,0.484883916,3.387,air,1,8.6115535267,-1.0256752396,4.8707073625,1.0239773993,1.4493237772
345,13.334,5.4968969132,0.4846876771,3.387,air,1,8.5761002897,-1.0529216227,4.9010825442,1.0186636678,1.4650322903
346,13.367,5.4803452522,0.4844598548,3.387,air,1,8.5407081124,-1.0793235837,4.9303402487,1.0146311095,1.4813560297
347,13.4,5.4637966614,0.4841948499,3.387,air,1,8.504329989,-1.1056558906,4.9594341931,1.0117214274,1.4986844882
348,13.434,5.4467526711,0.4838826234,3.387,air,1,8.4657986326,-1.1326791172,4.9892990847,1.0099089147,1.5175236402
349,13.467,5.4302187534,0.4835413529,3.387,air,1,8.4273620198,-1.1587647075,5.0182380329,1.0093062296,1.5366960378
350,13.5,5.4136964179,0.483162349,3.387,air,1,8.3878850301,-1.1846652495,5.0471902183,1.0098439698,1.5566684287
351,13.534,5.3966886725,0.482732434,3.387,air,1,8.3461070813,-1.2111042032,5.077097632,1.0115865246,1.5779989505
352,13.567,5.3801990994,0.4822770569,3.387,air,1,8.3044718733,-1.2364685653,5.1062642468,1.0144214249,1.5993452849
353,13.6,5.3637303329,0.481784423,3.387,air,1,8.2617562038,-1.2614771663,5.1356307693,1.0183667068,1.6212326763
354,13.634,5.3467875837,0.4812383207,3.387,air,1,8.216608955,-1.2867989492,5.1661628738,1.0235686966,1.6442458491
355,13.667,5.3303707129,0.4806714202,3.387,air,1,8.1716837817,-1.3108682057,5.1961292379,1.0296902523,1.6669245539
356,13.7,5.3139841728,0.4800688793,3.387,air,1,8.1256729546,-1.334357225,5.2264860377,1.0368296654,1.6898298609
357,13.734,5.2971361002,0.4794116422,3.387,air,1,8.0771430298,-1.357863188,5.2582357169,1.0452007262,1.7135451541
358,13.767,5.2808207297,0.4787393185,3.387,air,1,8.0289664472,-1.3799151784,5.2895711298,1.0542545486,1.7365536424
359,13.8,5.2645450434,0.4780341569,3.387,air,1,7.9797571939,-1.401127706,5.3214748179,1.0641594482,1.7594300724
360,13.834,5.2478207927,0.4772745315,3.387,air,1,7.9280117367,-1.4220130911,5.3549945142,1.0751792189,1.7827314953
361,13.9,5.2154969874,0.4757095272,3.387,air,1,7.8247131551,-1.4594028979,5.4221295515,1.0986039648,1.8266875731
362,13.934,5.1989236307,0.4748598682,3.387,air,1,7.7701415428,-1.4768743793,5.4578609076,1.1115329368,1.8484218679
363,13.967,5.1828920949,0.4740091705,3.387,air,1,7.7163762973,-1.4925715066,5.4933290263,1.1245138908,1.8687699679
364,14,5.1669164766,0.4731346126,3.387,air,1,7.6618936675,-1.506965148,5.5295960828,1.1378215396,1.8882748246
365,14.034,5.1505175172,0.4722105624,3.387,air,1,7.6050869792,-1.5203762243,5.5678150542,1.1517684022,1.9073841552
366,14.067,5.1346618854,0.4712933748,3.387,air,1,7.5493760779,-1.5319714433,5.6057483241,1.1654304867,1.9248804436
367,14.1,5.1188681403,0.4703582258,3.387,air,1,7.493177937,-1.5421320559,5.6445121779,1.1791140069,1.9412576127
368,14.134,5.1026621738,0.4693781738,3.387,air,1,7.4348510503,-1.5510737327,5.6853189222,1.193128413,1.9568814819
369,14.167,5.0869986508,0.4684130876,3.387,air,1,7.3779078096,-1.5582537368,5.7257630676,1.2065472959,1.9707640867
370,14.2,5.0714010631,0.4674365867,3.387,air,1,7.3207171118,-1.563949006,5.7670233287,1.2196862846,1.9833232531
371,14.234,5.0554007025,0.4664209397,3.387,air,1,7.2616162394,-1.5682629207,5.8103744681,1.2328280922,1.9948217197
372,14.267,5.0399394093,0.4654282341,3.387,air,1,7.2041592707,-1.5709474655,5.8532507211,1.2451011318,2.0045330548
373,14.3,5.0245459467,0.4644310288,3.387,air,1,7.1466838256,-1.5721635695,5.8968969856,1.2568027525,2.0127720805
374,14.334,5.0087570978,0.4634013405,3.387,air,1,7.0875231579,-1.571898482,5.9426494598,1.2681608254,2.0196773794
375,14.367,4.9935014963,0.4624021038,3.387,air,1,7.0302288565,-1.5701900756,5.9877930037,1.278409559,2.0248031692
376,14.4,4.9783133661,0.4614053451,3.387,air,1,6.973127616,-1.5670787556,6.0336359477,1.2877978405,2.0283390014
377,14.434,4.9627349114,0.4603833637,3.387,air,1,6.9145678474,-1.5624382632,6.0815685928,1.2964685801,2.0302817798
378,14.467,4.9476816382,0.4593985571,3.387,air,1,6.8580603791,-1.5565775351,6.1287374038,1.3038116333,2.0304823067
379,14.5,4.9326932603,0.4584229577,3.387,air,1,6.8019414643,-1.549420286,6.1765045444,1.3099984468,2.0289896878
380,14.534,4.9173171778,0.4574296589,3.387,air,1,6.7445930605,-1.5407368508,6.2262996588,1.315058521,2.025647787
381,14.567,4.9024562996,0.456479187,3.387,air,1,6.6894495671,-1.5310884199,6.2751433999,1.3185922703,2.0206230041
382,14.6,4.8876556981,0.4555441096,3.387,air,1,6.6348745411,-1.5202926494,6.3244362291,1.3206694221,2.0138166407
383,14.634,4.8724676025,0.4545987809,3.387,air,1,6.5792984298,-1.5080327364,6.3756253262,1.3211838801,2.0049163521
384,14.667,4.857783271,0.4537006344,3.387,air,1,6.5260439266,-1.4950965681,6.4256259504,1.3200097582,1.9944271131
385,14.7,4.8431528501,0.4528232708,3.387,air,1,6.4735154851,-1.4812101663,6.4758577484,1.3170982178,1.98210274
386,14.734,4.8281329114,0.4519427114,3.387,air,1,6.4202020155,-1.4659889569,6.5277594039,1.3121958338,1.9674810109
387,14.767,4.8136043618,0.4511122397,3.387,air,1,6.3692808901,-1.4504106296,6.578177969,1.3055174808,1.9514268849
388,14.8,4.7991220003,0.4503069368,3.387,air,1,6.319207285,-1.4341247254,6.6285331087,1.2968865047,1.9335532923
389,14.867,4.7698489711,0.4487541828,3.387,air,1,6.2202660004,-1.3992473277,6.7301063241,1.2731752785,1.8917897277
390,14.9,4.7554893454,0.448031956,3.387,air,1,6.1729171137,-1.3813607537,6.7795659908,1.2583978587,1.8686151831
391,14.934,4.7407307406,0.4473184144,3.387,air,1,6.1251068192,-1.362572602,6.8299583765,1.2410266244,1.8430277204
392,14.967,4.7264382446,0.4466562207,3.387,air,1,6.079653194,-1.3440808028,6.8781930659,1.2220995968,1.8166124047
393,15,4.7121742725,0.4460244802,3.387,air,1,6.0351358396,-1.32542604,6.9256397068,1.2011689602,1.7887316899
394,15.034,4.6975047299,0.4454058764,3.387,air,1,5.9902432333,-1.3061261861,6.9735752714,1.1775585301,1.7585817313
395,15.067,4.6832894854,0.4448370805,3.387,air,1,5.9476060656,-1.2874010236,7.0190639713,1.1527202822,1.7280525005
396,15.1,4.6690937799,0.444299576,3.387,air,1,5.9058760602,-1.2687621295,7.0634228316,1.1260635381,1.6964010236
397,15.134,4.654485298,0.4437785355,3.387,air,1,5.8638121035,-1.2497271997,7.1078381156,1.0967874118,1.6627569577
398,15.167,4.6403204822,0.4433045088,3.387,air,1,5.8238679458,-1.2314878236,7.1496017444,1.0667115647,1.6292439419
399,15.2,4.626166707,0.4428614834,3.387,air,1,5.7847705755,-1.2135472219,7.189953858,1.0351039279,1.5950351097
400,15.234,4.6115927953,0.4424371157,3.387,air,1,5.7453483409,-1.1954408487,7.2299704318,1.0010524494,1.5592257146
401,15.267,4.597453443,0.4420559302,3.387,air,1,5.7078935292,-1.1782934278,7.2672258096,0.9666784556,1.5240874773
402,15.3,4.5833174785,0.4417044562,3.387,air,1,5.6712069012,-1.1616213527,7.3028575147,0.9311213109,1.4887414358
403,15.334,4.5687542749,0.4413727553,3.387,air,1,5.6341816339,-1.1449957669,7.3378125895,0.8933799258,1.4522888825
404,15.367,4.5546182759,0.44107962,3.387,air,1,5.5989648568,-1.129444686,7.3699858058,0.8558045917,1.4170556792
405,15.4,4.5404791239,0.4408140784,3.387,air,1,5.5644250889,-1.1145170549,7.4003903572,0.8174304947,1.3821508164
406,15.434,4.525906226,0.440568455,3.387,air,1,5.5295119211,-1.0998353458,7.4298311346,0.7771979386,1.3467273012
407,15.467,4.5117550291,0.4403562655,3.387,air,1,5.4962435343,-1.0863055445,7.4565497366,0.7376115001,1.3130614841
408,15.5,4.4975954133,0.4401689211,3.387,air,1,5.4635469626,-1.0735242792,7.4814214168,0.6976335932,1.2802917669
409,15.534,4.4829963873,0.4400008176,3.387,air,1,5.4304169182,-1.0611767114,7.5051045787,0.6561801607,1.2476651859
410,15.567,4.468815387,0.4398607674,3.387,air,1,5.3987604847,-1.0500230451,7.5262048232,0.6158312691,1.2172906585
411,15.6,4.4546220351,0.4397423894,3.387,air,1,5.3675524554,-1.0397176057,7.5454548979,0.5755084699,1.1883697651
412,15.634,4.4399845976,0.4396419234,3.387,air,1,5.3358200856,-1.0300141168,7.5633718559,0.5341346859,1.1602710646
413,15.667,4.4257632085,0.4395641274,3.387,air,1,5.3053816883,-1.0215050465,7.5789301044,0.4942797674,1.1348061722
414,15.7,4.4115268284,0.4395046069,3.387,air,1,5.2752492369,-1.0139077168,7.5927220846,0.4548513863,1.1112599344
415,15.734,4.3968427244,0.4394611943,3.387,air,1,5.2444706281,-1.0070449384,7.6051351419,0.4148019911,1.0891281833
416,15.767,4.3825741726,0.439435277,3.387,air,1,5.2148040037,-1.0013251861,7.615497893,0.3766022591,1.0698043699
417,15.8,4.3682891615,0.4394241939,3.387,air,1,5.1852891641,-0.9965310353,7.6242673554,0.3391664735,1.0526670893
418,15.867,4.3392346698,0.4394427174,3.387,air,1,5.1256223945,-0.9896060052,7.6374822867,0.2658622455,1.0246964327
419,15.9,4.3248986141,0.4394698231,3.387,air,1,5.0962609801,-0.9875438627,7.6418983047,0.2312244344,1.0142522466
420,15.934,4.3101104366,0.439508656,3.387,air,1,5.0659621909,-0.9863160442,7.6451265958,0.1966173177,1.005722481
421,15.967,4.2957401294,0.4395558734,3.387,air,1,5.0364637522,-0.9859634901,7.6470683859,0.1641051058,0.999527133
422,16,4.2813531663,0.4396114622,3.387,air,1,5.0068349901,-0.986402422,7.6479255939,0.1326662659,0.9952839174
423,16.034,4.266513049,0.4396764648,3.387,air,1,4.9761326714,-0.9876419318,7.6477653955,0.1013946519,0.9928330478
424,16.067,4.2520930048,0.4397460948,3.387,air,1,4.9461278385,-0.9895668269,7.6466819567,0.0721131204,0.9921909126
425,16.1,4.2376571217,0.4398212517,3.387,air,1,4.9158892226,-0.9921589261,7.6447632874,0.0438571095,0.9931277766
426,16.134,4.2227675894,0.4399035467,3.387,air,1,4.8844600775,-0.99547981,7.6419896956,0.0157757833,0.9956048049
427,16.167,4.2083006468,0.4399872808,3.387,air,1,4.8536630189,-0.9992867357,7.6385928604,-0.0105290152,0.9993422038
428,16.2,4.1938189934,0.4400740057,3.387,air,1,4.8225545257,-1.0036211145,7.6345630414,-0.0359545911,1.0042649421
429,16.234,4.1788835459,0.440165674,3.387,air,1,4.790155036,-1.0085880507,7.6298066049,-0.0612978237,1.0104490483
430,16.267,4.1643732848,0.4402561373,3.387,air,1,4.75835003,-1.0138457272,7.6246529384,-0.0851382567,1.0174142132
431,16.3,4.1498495627,0.4403473561,3.387,air,1,4.7261730511,-1.0194840367,7.6190130409,-0.1083063142,1.0252209317
432,16.334,4.1348720854,0.4404414141,3.387,air,1,4.6926131724,-1.0256383046,7.6127324614,-0.1315541751,1.0340408274
433,16.367,4.120322298,0.4405321126,3.387,air,1,4.6596269929,-1.0318937123,7.6062126619,-0.1535960349,1.0432623713
434,16.4,4.1057602789,0.4406215965,3.387,air,1,4.626216993,-1.0383733025,7.5993014174,-0.1752065437,1.0530510188
435,16.434,4.0907445994,0.4407118875,3.387,air,1,4.5913345602,-1.0452251811,7.5917931493,-0.1971100146,1.0636484556
436,16.467,4.0761589146,0.4407970804,3.387,air,1,4.5570161546,-1.0519867665,7.5841453827,-0.2181065631,1.0743587063
437,16.5,4.0615621198,0.4408793013,3.387,air,1,4.5222285543,-1.0587961569,7.5761529853,-0.2389331305,1.0854208136
438,16.534,4.0465117367,0.4409603311,3.387,air,1,4.4858827812,-1.0657935789,7.5675630043,-0.2603071463,1.0971215809
439,16.567,4.0318934147,0.4410348609,3.387,air,1,4.4501059886,-1.0724972466,7.5588799394,-0.2810633899,1.1087141079
440,16.6,4.0172649672,0.4411048133,3.387,air,1,4.4138286413,-1.0790412029,7.5498496976,-0.3019211542,1.1204848508
441,16.634,4.0021829568,0.4411715627,3.387,air,1,4.3759236708,-1.0855358772,7.5401694517,-0.3236114598,1.1327455661
442,16.667,3.9875348542,0.4412306718,3.387,air,1,4.3386204307,-1.0915173885,7.5303895484,-0.3449483935,1.1447268685
443,16.7,3.9728774957,0.4412836919,3.387,air,1,4.3008164044,-1.0970978621,7.5202060616,-0.3666517758,1.1567442431
444,16.734,3.9577665814,0.4413314359,3.387,air,1,4.2613540086,-1.1023380391,7.5092594103,-0.3894823644,1.1691217493
445,16.767,3.9430912648,0.4413705999,3.387,air,1,4.2225717605,-1.106841117,7.4981561588,-0.4121760728,1.1810954124
446,16.8,3.9284075121,0.4414022099,3.387,air,1,4.1833400455,-1.1106827106,7.4865393754,-0.4354682667,1.1929998722
447,16.867,3.8985702381,0.4414411715,3.387,air,1,4.1024398836,-1.1160996045,7.4611783999,-0.4848574001,1.216866889
448,16.9,3.8838626382,0.4414469692,3.387,air,1,4.0620633029,-1.1174316494,7.447707354,-0.5103241365,1.2284478887
449,16.934,3.8687017614,0.4414430224,3.387,air,1,4.0201677555,-1.1177781715,7.4330740413,-0.5374093163,1.2402567532
450,16.967,3.8539797639,0.4414290751,3.387,air,1,3.9792764817,-1.1170523954,7.4180812342,-0.5645513416,1.2516086734
451,17,3.8392512013,0.441404682,3.387,air,1,3.9382235948,-1.1152230034,7.4022528992,-0.5925565289,1.26287196
452,17.034,3.8240698562,0.4413681241,3.387,air,1,3.8958277203,-1.1121330924,7.3850114984,-0.6223277775,1.2744143274
453,17.067,3.8093291721,0.4413210687,3.387,air,1,3.8546537916,-1.1079243768,7.3673146441,-0.6521200721,1.2855959759
454,17.1,3.7945831764,0.4412621412,3.387,air,1,3.8135272306,-1.1024937998,7.3486155321,-0.682794618,1.2968041752
455,17.134,3.7793852859,0.4411885219,3.387,air,1,3.7712803384,-1.0955986201,7.3282470649,-0.7153135785,1.3084379435
456,17.167,3.7646300269,0.4411040735,3.387,air,1,3.7304725676,-1.08763183,7.307356755,-0.7477506376,1.3198765146
457,17.2,3.7498710326,0.4410063713,3.387,air,1,3.6899311626,-1.078405418,7.285314577,-0.7810309282,1.3315282784
458,17.234,3.7346615229,0.4408913825,3.387,air,1,3.6485147929,-1.0675855434,7.2613520331,-0.8161779115,1.3438323093
459,17.267,3.7198968325,0.4407654321,3.387,air,1,3.6087309991,-1.0558192508,7.236834352,-0.8510970675,1.3561417731
460,17.3,3.7051303501,0.4406249333,3.387,air,1,3.5694239529,-1.0428240466,7.2110335461,-0.8867798465,1.3688902397
461,17.334,3.6899152892,0.4404645379,3.387,air,1,3.5294940402,-1.0281736241,7.1830663912,-0.9243073477,1.3825646727
462,17.367,3.6751474369,0.4402932879,3.387,air,1,3.4913556081,-1.0127586403,7.154537963,-0.9614344003,1.3964369551
463,17.4,3.6603801065,0.4401063296,3.387,air,1,3.4538875083,-0.9961997955,7.1246078571,-0.99921364,1.410971981
464,17.434,3.6451667137,0.4398969121,3.387,air,1,3.4160482008,-0.9779835374,7.0922653728,-1.0387734118,1.426710202
465,17.467,3.6304030593,0.4396770228,3.387,air,1,3.3801224788,-0.9592261637,7.0593756497,-1.0777374813,1.4427865094
466,17.5,3.6156425692,0.4394404476,3.387,air,1,3.3450411563,-0.9394572119,7.0249739714,-1.1172079924,1.4597032409
467,17.534,3.6004390846,0.4391789603,3.387,air,1,3.3098354237,-0.9180881706,6.9879122762,-1.158343832,1.4780549117
468,17.567,3.5856879059,0.438907686,3.387,air,1,3.2766271027,-0.8964367102,6.9503372602,-1.1986612921,1.49679246
469,17.6,3.5709427769,0.4386189685,3.387,air,1,3.2444132019,-0.873952963,6.9111521513,-1.2392959294,1.5164590935
470,17.634,3.5557581943,0.4383030498,3.387,air,1,3.2123082019,-0.849990871,6.869066667,-1.2814161351,1.5376969116
471,17.667,3.5410283878,0.437978339,3.387,air,1,3.182239955,-0.8260363065,6.8265321995,-1.3224633999,1.5592451455
472,17.7,3.526307636,0.4376356699,3.387,air,1,3.1532818033,-0.8014746459,6.7823169352,-1.3635892362,1.5816880897
473,17.734,3.5111513204,0.4372637115,3.387,air,1,3.1246370385,-0.7756212769,6.7349896651,-1.4059499113,1.6057034341
474,17.767,3.4964519975,0.4368842513,3.387,air,1,3.0980137322,-0.7500851768,6.6873271028,-1.4469590339,1.6298215296
475,17.8,3.4817647041,0.4364865592,3.387,air,1,3.0725683999,-0.7242016601,6.6379630531,-1.487768355,1.6546669522
476,17.834,3.4666459235,0.4360577032,3.387,air,1,3.0475947437,-0.697264814,6.5853315993,-1.5295039921,1.6809404161
477,17.9,3.4373407646,0.4351697861,3.387,air,1,3.002726345,-0.6445588137,6.4781032801,-1.6092340411,1.7335196173
478,17.934,3.4222681826,0.4346838391,3.387,air,1,2.9814607897,-0.6173763939,6.4203147064,-1.6494504771,1.7612042722
479,17.967,3.4076556381,0.4341936687,3.387,air,1,2.9620060494,-0.5910872076,6.3626174361,-1.6878093028,1.7883188557
480,18,3.3930603307,0.4336853045,3.387,air,1,2.9437004876,-0.5649697601,6.3033808205,-1.7254237459,1.8155654581
481,18.034,3.3780415069,0.4331425627,3.387,air,1,2.926018508,-0.5383185712,6.2407919606,-1.7633237487,1.8436641578
482,18.067,3.3634832819,0.4325974291,3.387,air,1,2.9099738636,-0.5127719588,6.1785883009,-1.7992144318,1.8708574648
483,18.1,3.3489442259,0.4320342745,3.387,air,1,2.8950011933,-0.4876055572,6.1150089629,-1.8341675994,1.8978751177
484,18.134,3.3339851795,0.4314352649,3.387,air,1,2.8806639378,-0.4621359157,6.0481274647,-1.8691492774,1.9254320621
485,18.167,3.3194865383,0.4308356853,3.387,air,1,2.8677728644,-0.4379160233,5.9819408346,-1.9020612585,1.9518215786
486,18.2,3.3050083987,0.4302182254,3.387,air,1,2.8558578461,-0.4142385282,5.9145633793,-1.9339157394,1.9777825071
487,18.234,3.290113284,0.4295633728,3.387,air,1,2.8445671737,-0.390457751,5.8439638623,-1.9656032469,2.0040093263
488,18.267,3.2756776071,0.4289096447,3.387,air,1,2.834529977,-0.3680141188,5.7743578901,-1.9952409678,2.0288964762
489,18.3,3.261263111,0.4282380212,3.387,air,1,2.8253653371,-0.3462360951,5.7037460839,-2.0237649045,2.0531692142
490,18.334,3.2464340488,0.4275272631,3.387,air,1,2.816798173,-0.3245300831,5.6300052006,-2.0519806679,2.077485123
491,18.367,3.2320627281,0.4268190788,3.387,air,1,2.8092951981,-0.3042046608,5.5575328084,-2.0782260934,2.1003723886
492,18.4,3.2177126195,0.4260926965,3.387,air,1,2.8025544502,-0.2846388102,5.4842316162,-2.1033502877,2.1225224816
493,18.434,3.2029497165,0.4253250726,3.387,air,1,2.79636546,-0.2653013003,5.4079023924,-2.1280700806,2.1445435524
494,18.467,3.1886422392,0.4245611194,3.387,air,1,2.7910503988,-0.2473525876,5.333092908,-2.1509426118,2.165118339
495,18.5,3.1743554298,0.4237782479,3.387,air,1,2.7863734462,-0.2302309406,5.2576256776,-2.1727272849,2.1848913338
496,18.534,3.1596570031,0.4229514959,3.387,air,1,2.7821740982,-0.2134715597,5.1792427427,-2.1940557372,2.2044161778
497,18.567,3.1454112378,0.4221290727,3.387,air,1,2.7786500015,-0.1980712764,5.1026121883,-2.2136994715,2.2225430436
498,18.6,3.1311851588,0.4212864764,3.387,air,1,2.7756180449,-0.1835297331,5.025493261,-2.232332997,2.2398646772
499,18.634,3.1165481669,0.4203966677,3.387,air,1,2.7729524543,-0.1694449033,4.9455852884,-2.2505139743,2.2568838525
500,18.667,3.1023608458,0.4195113521,3.387,air,1,2.770752825,-0.1566372875,4.8676451225,-2.2672179497,2.2726223777
501,18.7,3.088191991,0.4186039803,3.387,air,1,2.7688767692,-0.1446638238,4.7893827483,-2.2830451609,2.287623839
502,18.734,3.0736126544,0.4176452288,3.387,air,1,2.7672201839,-0.1331740303,4.7084670725,-2.298496546,2.3023513403
503,18.767,3.0594800314,0.4166906247,3.387,air,1,2.7658199156,-0.1228089941,4.6297090902,-2.3127305733,2.3159889364
504,18.8,3.0453646665,0.4157113923,3.387,air,1,2.7645651212,-0.1131749156,4.5507795256,-2.3262868217,2.3290382002
505,18.867,3.0167578955,0.4136432578,3.387,air,1,2.7622336119,-0.0956317449,4.3901722772,-2.3520621159,2.3540054434
506,18.9,3.0026928926,0.4125829405,3.387,air,1,2.7610858592,-0.0878461495,4.3109628006,-2.364077532,2.3657090953
507,18.934,2.9882185831,0.411459995,3.387,air,1,2.7598378543,-0.0803029571,4.2293193292,-2.3761220881,2.3774786524
508,18.967,2.9741862893,0.4103391336,3.387,air,1,2.7585220591,-0.0733547457,4.150063163,-2.3875887888,2.3887153751
509,19,2.9601700367,0.4091863958,3.387,air,1,2.7570689324,-0.0666776499,4.0708039913,-2.3989368087,2.3998632713
510,19.034,2.9457459159,0.407963856,3.387,air,1,2.7553986836,-0.0599750555,3.9891426841,-2.4106109311,2.4113568936
511,19.067,2.9317626044,0.406741877,3.387,air,1,2.7535872742,-0.0535330683,3.9098772624,-2.4220262535,2.4226177911
512,19.1,2.9177959352,0.4054834421,3.387,air,1,2.7515724718,-0.0470434687,3.8305923073,-2.4336223397,2.4340769874
513,19.134,2.9034239136,0.4041470239,3.387,air,1,2.7492731588,-0.0401892244,3.7488614619,-2.44585644,2.4461866034
514,19.167,2.8894925563,0.4028095165,3.387,air,1,2.7468194484,-0.0332564477,3.6694621358,-2.4580981029,2.4583230615
515,19.2,2.8755796348,0.4014304793,3.387,air,1,2.7441466542,-0.025930337,3.5899539734,-2.470783021,2.4709190839
516,19.234,2.8612653406,0.3999643608,3.387,air,1,2.7411677694,-0.0178459215,3.5078753907,-2.484393058,2.4844571527
517,19.267,2.8473927817,0.3984955712,3.387,air,1,2.7380658218,-0.0093552846,3.4280012588,-2.4981938084,2.4982113252
518,19.3,2.8335418891,0.3969798455,3.387,air,1,2.7347675823,-0.0001060768,3.3478610501,-2.5126324418,2.5126324441
519,19.334,2.8192954304,0.39536717,3.387,air,1,2.7311795222,0.0103498909,3.2649445063,-2.5282229642,2.528244149
520,19.367,2.8054930739,0.3937505304,3.387,air,1,2.7275313719,0.0215303454,3.1840548715,-2.5440823219,2.5441734249
521,19.4,2.7917172391,0.3920814135,3.387,air,1,2.723742496,0.0338622847,3.1026802383,-2.560678965,2.5609028517
522,19.434,2.7775537887,0.3903049079,3.387,air,1,2.7197200239,0.0479180596,3.0182434218,-2.5785565532,2.5790017523
523,19.467,2.7638380989,0.3885236669,3.387,air,1,2.7157338561,0.063017129,2.9356197962,-2.5966544055,2.5974189612
524,19.5,2.7501555282,0.3866844995,3.387,air,1,2.7117064987,0.07969988,2.8522417703,-2.6154612923,2.6166753414
525,19.534,2.7360956886,0.3847271789,3.387,air,1,2.707564065,0.0987045429,2.7654467891,-2.6355331214,2.637380788
526,19.567,2.7224884641,0.3827651082,3.387,air,1,2.7036086952,0.1190718287,2.6802411478,-2.6556238877,2.6582919955
527,19.6,2.7089227341,0.3807399973,3.387,air,1,2.6997865354,0.1414901761,2.5939898133,-2.676229591,2.6799672188
528,19.634,2.6949926481,0.3785859251,3.387,air,1,2.6960736502,0.1668984136,2.5039339816,-2.6978863612,2.7030438211
529,19.667,2.6815210429,0.3764280663,3.387,air,1,2.6927863011,0.1939596692,2.4152835198,-2.7191896193,2.7260984097
530,19.7,2.6681010341,0.3742026386,3.387,air,1,2.6899224887,0.2235350092,2.3253317764,-2.7406223578,2.7497234058
531,19.734,2.6543322246,0.3718377041,3.387,air,1,2.6875490647,0.2567826772,2.2312267801,-2.7626627987,2.7745707925
532,19.767,2.6410285026,0.3694711216,3.387,air,1,2.685952559,0.2918757464,2.1384558919,-2.7838250811,2.7990844098
533,19.8,2.6277880655,0.3670332694,3.387,air,1,2.685213311,0.3298595919,2.0442439442,-2.8045605179,2.8238921809
534,19.867,2.6011180245,0.3618604449,3.387,air,1,2.6870814567,0.4162071134,1.8485237304,-2.8444816564,2.8747702961
535,19.9,2.5880953856,0.3592010264,3.387,air,1,2.6900519316,0.4633822762,1.7499898675,-2.8626378246,2.8998997308
536,19.934,2.5747627783,0.3563830645,3.387,air,1,2.6948154728,0.5152123884,1.6470744907,-2.8800079828,2.9257289324
537,19.967,2.5619092546,0.3535718447,3.387,air,1,2.7013069977,0.5686221132,1.5459160951,-2.8953672216,2.9506749153
538,20,2.5491461831,0.3506853024,3.387,air,1,2.7098519978,0.625031329,1.4436103506,-2.909063049,2.9754515599
539,20.034,2.5360960619,0.3476323373,3.387,air,1,2.7210247475,0.6861927481,1.3371315888,-2.9212587852,3.0007687978
540,20.067,2.5235315643,0.3445925317,3.387,air,1,2.734377542,0.7483858652,1.2328819072,-2.9310879813,3.0251211806
541,20.1,2.5110723368,0.341477396,3.387,air,1,2.7504002705,0.8132173178,1.1278915208,-2.938815174,3.0492551603
542,20.134,2.498350917,0.3381894159,3.387,air,1,2.7698983796,0.8825875754,1.0191094264,-2.9444731845,3.0739035708
543,20.167,2.4861207434,0.3349225059,3.387,air,1,2.7919043837,0.9522112282,0.913100132,-2.9476517888,3.0976373724
544,20.2,2.4740109531,0.331581757,3.387,air,1,2.8171091919,1.0238703014,0.8068366837,-2.948499279,3.1212110458
545,20.234,2.46166537,0.328063423,3.387,air,1,2.8465790912,1.0995742631,0.6972617867,-2.9469032366,3.1453620214
546,20.267,2.4498152779,0.3245754926,3.387,air,1,2.8787159547,1.174603646,0.5909889803,-2.9429493606,3.168697629
547,20.3,2.4381005453,0.3210167606,3.387,air,1,2.9144509655,1.2508832152,0.4849567036,-2.9366389364,3.1919519202
548,20.334,2.426177505,0.3172775544,3.387,air,1,2.9551368505,1.3304747467,0.3761281287,-2.9277056218,3.2158394331
549,20.367,2.4147523904,0.3135793758,3.387,air,1,2.9984637682,1.4083844716,0.2710596859,-2.91672527,3.2389555602
550,20.4,2.4034770361,0.309814969,3.387,air,1,3.0456344085,1.4866237626,0.1666881312,-2.9035361815,3.261989051
551,20.434,2.3920214497,0.3058691618,3.387,air,1,3.0982996887,1.5672323919,0.060027555,-2.8877238257,3.2855998332
552,20.467,2.3810640292,0.301976107,3.387,air,1,3.153383424,1.6451226484,-0.0425156589,-2.8703178362,3.3083459628
553,20.5,2.3702697705,0.2980228669,3.387,air,1,3.2123735714,1.7223216988,-0.1439721123,-2.8509963771,3.3308515992
554,20.534,2.3593234341,0.2938893118,3.387,air,1,3.2772088152,1.8007663785,-0.2472503523,-2.8292180851,3.3536896879
555,20.567,2.3488729912,0.2898210958,3.387,air,1,3.3440207335,1.8754798391,-0.346173945,-2.8064051272,3.3754013635
556,20.6,2.3385977226,0.2857000877,3.387,air,1,3.4145762299,1.9484347945,-0.4437126535,-2.7820924447,3.3965330146
557,20.634,2.3281981008,0.2814018476,3.387,air,1,3.491068412,2.0213954682,-0.5426811278,-2.7556423028,3.4175435827
558,20.667,2.3182893511,0.2771821182,3.387,air,1,3.5688539552,2.0897265064,-0.637196983,-2.7287816864,3.4370345304
559,20.7,2.3085660586,0.2729181744,3.387,air,1,3.6499584327,2.1552896342,-0.7301493248,-2.7009246847,3.4554692242
560,20.734,2.2987452229,0.2684820059,3.387,air,1,3.7367827857,2.2196331317,-0.824252711,-2.6713669779,3.4731790582
561,20.767,2.2894073427,0.2641378013,3.387,air,1,3.8239901363,2.278699753,-0.9139580956,-2.6420275772,3.488951459
562,20.8,2.2802631939,0.2597589412,3.387,air,1,3.9138413301,2.3341992927,-1.0020596286,-2.6122216414,3.5031683148
563,20.867,2.2623028049,0.2507757645,3.387,air,1,4.1032908089,2.4351619525,-1.1760812507,-2.5509532687,3.5266664592
564,20.9,2.2537584453,0.2463125216,3.387,air,1,4.1994872231,2.4788630603,-1.2594769351,-2.5207165014,3.535360484
565,20.934,2.2451656974,0.2416922898,3.387,air,1,4.3001835055,2.5196320118,-1.3438702373,-2.4897165234,3.5422074815
566,20.967,2.2370312718,0.2371905097,3.387,air,1,4.3991648007,2.5550591974,-1.4243576523,-2.4598990277,3.5467493186
567,21,2.229100342,0.2326751969,3.387,air,1,4.4990959513,2.5864372451,-1.5035080134,-2.4304527816,3.5491912242
568,21.034,2.2211426523,0.2280127437,3.387,air,1,4.6027721024,2.6146055748,-1.5837303725,-2.4005950072,3.5495096422
569,21.067,2.2136267406,0.2234811589,3.387,air,1,4.7038436205,2.638014514,-1.6603769168,-2.372155867,3.5477096885
570,21.1,2.2063156211,0.2189471051,3.387,air,1,4.80512579,2.6576860708,-1.7358949004,-2.3443069363,3.5438778566
571,21.134,2.1989970387,0.2142769432,3.387,air,1,4.9094823587,2.6742106646,-1.8125917055,-2.3162773973,3.5378727591
572,21.167,2.1921011243,0.2097491358,3.387,air,1,5.0105885796,2.6867956572,-1.8860213447,-2.2897481798,3.5301299736
573,21.2,2.1854089003,0.2052299237,3.387,air,1,5.1113553003,2.6961683106,-1.9585154803,-2.2639056709,3.5205954675
574,21.234,2.1787259942,0.2005865701,3.387,air,1,5.2146744673,2.702672392,-2.032287,-2.2380104162,3.5090067942
575,21.267,2.1724443584,0.1960958802,3.387,air,1,5.3143472396,2.7061309572,-2.103049174,-2.2135896031,3.4961584187
576,21.3,2.1663629911,0.1916246138,3.387,air,1,5.4133206648,2.7069817027,-2.173031838,-2.1898684987,3.4818492185
577,21.334,2.1603050938,0.1870418497,3.387,air,1,5.5144742025,2.7053424242,-2.2443651797,-2.1661524081,3.46570251
578,21.367,2.1546251145,0.1826206749,3.387,air,1,5.6117880264,2.7015117493,-2.3128931242,-2.1438244456,3.4487894957
579,21.4,2.1491397988,0.1782292974,3.387,air,1,5.7081951465,2.6956693901,-2.3807601652,-2.1221617023,3.4307730545
580,21.434,2.1436894335,0.1737394881,3.387,air,1,5.8065305882,2.6877433752,-2.4500268099,-2.1005197228,3.4111797896
581,21.467,2.1385920538,0.1694186465,3.387,air,1,5.900977426,2.6783850693,-2.5166490671,-2.080151369,3.3912794484
582,21.5,2.1336817381,0.1651373275,3.387,air,1,5.9944204506,2.6675616572,-2.5827009579,-2.0603889046,3.3706212533
583,21.534,2.1288152044,0.1607708179,3.387,air,1,6.0896310969,2.6550536537,-2.650184673,-2.0406369494,3.3486578003
584,21.567,2.1242755474,0.1565789883,3.387,air,1,6.1810031663,2.6417595673,-2.715154737,-2.0220323519,3.3267865041
585,21.6,2.1199135897,0.1524355928,3.387,air,1,6.2713542648,2.6274809097,-2.7796259679,-2.0039597874,3.3044683022
586,21.634,2.1156016807,0.1482201898,3.387,air,1,6.3633843058,2.6118898874,-2.8455505664,-1.9858676659,3.2811033465
587,21.667,2.1115897817,0.1441834395,3.387,air,1,6.4516944714,2.5960400751,-2.9090697912,-1.9687916007,3.2581535321
588,21.7,2.1077447153,0.1402030849,3.387,air,1,6.5390264826,2.5796084404,-2.9721468046,-1.9521630821,3.2350147457
589,21.734,2.1039535379,0.1361636332,3.387,air,1,6.6280074564,2.5621902582,-3.0366889307,-1.9354674133,3.2110517011
590,21.767,2.1004351677,0.1323050373,3.387,air,1,6.713431931,2.5449158417,-3.0989134207,-1.9196556654,3.1877381503
591,21.8,2.0970715484,0.1285097436,3.387,air,1,6.7979622346,2.5273717092,-3.1607365053,-1.9042000403,3.1644249952
592,21.834,2.0937634167,0.1246677977,3.387,air,1,6.8841536028,2.5090998931,-3.2240232145,-1.8886162351,3.1404543552
593,21.9,2.0877802721,0.1174155841,3.387,air,1,7.0489957146,2.4733402056,-3.3457145224,-1.8592286657,3.0942112087
594,21.934,2.0849146461,0.113789174,3.387,air,1,7.1327128884,2.4548852453,-3.4078156743,-1.8444733422,3.070593343
595,21.967,2.0822680476,0.1103427965,3.387,air,1,7.2132303973,2.4370102764,-3.4677100864,-1.8303644924,3.04782763
596,22,2.0797495983,0.1069700992,3.387,air,1,7.2930515477,2.4192047374,-3.5272293742,-1.8164397873,3.0252281009
597,22.034,2.077284035,0.1035735889,3.387,air,1,7.3745918693,2.4009586679,-3.5881576734,-1.8022616634,3.0021241861
598,22.067,2.0750116786,0.1003542133,3.387,air,1,7.4530797854,2.3833644952,-3.6469074411,-1.7886431862,2.9798776425
599,22.1,2.0728535566,0.0972119262,3.387,air,1,7.5309448478,2.3658973494,-3.7052719521,-1.7751470998,2.9578061961
600,22.134,2.0707446454,0.0940559572,3.387,air,1,7.6105374153,2.348043328,-3.7649966568,-1.7613537973,2.935246952
601,22.167,2.0688042787,0.0910727032,3.387,air,1,7.6871915651,2.3308585397,-3.8225625656,-1.7480614605,2.9135237088
602,22.2,2.0669642077,0.0881687601,3.387,air,1,7.7632703827,2.3138189636,-3.8797264321,-1.7348524625,2.8919666773
603,22.234,2.0651684609,0.0852602746,3.387,air,1,7.8410643522,2.2964163907,-3.9381959857,-1.721321827,2.8699263181
604,22.267,2.063518032,0.0825186948,3.387,air,1,7.9160066216,2.2796746699,-3.9945262627,-1.708259412,2.8486956347
605,22.3,2.0619541992,0.079857493,3.387,air,1,7.9904013099,2.2630791098,-4.0504381947,-1.6952622365,2.8276211039
606,22.334,2.0604288724,0.0771998291,3.387,air,1,8.0664844911,2.2461323897,-4.1076022768,-1.6819371816,2.806069029
607,22.367,2.0590272986,0.074702023,3.387,air,1,8.1397865348,2.2298300476,-4.1626522104,-1.6690674953,2.7853057902
608,22.4,2.0576990946,0.0722845579,3.387,air,1,8.2125585914,2.2136700831,-4.2172729441,-1.6562611289,2.7646945878
609,22.434,2.0564029165,0.0698776086,3.387,air,1,8.286986868,2.1971678697,-4.273097973,-1.6431350023,2.7436179186
610,22.467,2.0552107602,0.0676223964,3.387,air,1,8.3586984059,2.1812926905,-4.3268425409,-1.6304642407,2.7233162581
611,22.5,2.0540794204,0.0654464538,3.387,air,1,8.4298954056,2.1655556019,-4.3801551904,-1.6178654537,2.7031684541
612,22.534,2.0529732171,0.0632868833,3.387,air,1,8.5027175028,2.1494843775,-4.4346327817,-1.6049646084,2.6825723631
613,22.567,2.0519532549,0.0612700333,3.387,air,1,8.5728869618,2.1340224948,-4.4870728922,-1.5925252168,2.6627408012
614,22.6,2.0509823926,0.0593304317,3.387,air,1,8.6425593609,2.1186930006,-4.5390873781,-1.5801712921,2.6430666551
615,22.634,2.0500295983,0.0574119416,3.387,air,1,8.7138298241,2.1030345933,-4.5922370707,-1.5675371682,2.6229615465
616,22.667,2.0491472786,0.055626442,3.387,air,1,8.7825125702,2.0879649849,-4.6434003999,-1.5553703357,2.603608008
617,22.7,2.0483033049,0.0539153193,3.387,air,1,8.8507176131,2.073017727,-4.6941524136,-1.5433015074,2.5844113526
618,22.734,2.0474703549,0.0522289566,3.387,air,1,8.9204964256,2.0577405686,-4.7460185037,-1.5309726548,2.5647950244
619,22.767,2.046694142,0.0506653281,3.387,air,1,8.9877503797,2.0430266869,-4.7959542573,-1.5191112867,2.5459098854
620,22.8,2.0459465731,0.0491724645,3.387,air,1,9.0545441948,2.0284190346,-4.8454978177,-1.507354583,2.5271726532
621,22.867,2.0445047921,0.0463536063,3.387,air,1,9.1887582921,1.9990608839,-4.9449066991,-1.4838077028,2.489564162
622,22.9,2.0438264497,0.0450667786,3.387,air,1,9.2541818468,1.9847347093,-4.99330091,-1.4723671638,2.4712419815
623,22.934,2.0431457865,0.0438089461,3.387,air,1,9.3211199112,1.9700572292,-5.04277724,-1.4606858315,2.4524943597
624,22.967,2.0425003153,0.0426524982,3.387,air,1,9.3856355739,1.9558853551,-5.0904303373,-1.4494481854,2.4344172946
625,23,2.0418674265,0.0415578566,3.387,air,1,9.4497040042,1.941780563,-5.1377251428,-1.4383061487,2.4164511856
626,23.034,2.041226179,0.0404929493,3.387,air,1,9.5152448352,1.9273134281,-5.1860820905,-1.4269230999,2.3980505798
627,23.067,2.0406121472,0.0395186942,3.387,air,1,9.5784007341,1.9133310749,-5.2326595481,-1.4159653286,2.380292758
628,23.1,2.0400043548,0.0386011567,3.387,air,1,9.641103701,1.8994044588,-5.2788873183,-1.4050935781,2.3626310041
629,23.134,2.0393827152,0.0377133027,3.387,air,1,9.7052300639,1.8851126627,-5.3261519045,-1.3939794013,2.3445315785
630,23.167,2.038782019,0.0369055576,3.387,air,1,9.7670046693,1.8712962731,-5.3716742392,-1.3832741234,2.3270575933
631,23.2,2.0381823105,0.0361492124,3.387,air,1,9.8283176324,1.8575352965,-5.4168505559,-1.3726477144,2.3096751126
632,23.234,2.037563876,0.0354218243,3.387,air,1,9.8910029523,1.8434178118,-5.4630346001,-1.361780359,2.291862774
633,23.267,2.0369616691,0.0347643471,3.387,air,1,9.9513709929,1.829777904,-5.5075102023,-1.3513105228,2.2746708129
634,23.3,2.0363562358,0.0341528555,3.387,air,1,10.0112708483,1.8162040898,-5.5516414984,-1.3409172241,2.2575775286
635,23.334,2.0357278412,0.0335690442,3.387,air,1,10.0724951707,1.8022939803,-5.5967507171,-1.3302894297,2.2400744537
636,23.367,2.0351123512,0.0330454322,3.387,air,1,10.1314423824,1.7888724127,-5.640185318,-1.3200532357,2.2231970344
637,23.4,2.0344903855,0.0325624238,3.387,air,1,10.1899210652,1.7755363009,-5.6832784876,-1.3098962802,2.2064354558
638,23.434,2.0338418751,0.0321054,3.387,air,1,10.2496836058,1.7618936093,-5.7273221315,-1.2995163136,2.1892948042
639,23.467,2.0332041655,0.0316994743,3.387,air,1,10.3072173686,1.7487552089,-5.7697275887,-1.2895260998,2.1727913712
640,23.5,2.0325576058,0.0313289247,3.387,air,1,10.3642909365,1.7357267997,-5.8117979866,-1.2796214619,2.1564272789
641,23.534,2.0318815546,0.0309823808,3.387,air,1,10.4226178256,1.7224275884,-5.8547960875,-1.2695088013,2.1397218029
642,23.567,2.0312152388,0.030678548,3.387,air,1,10.4787731205,1.7096484359,-5.8961963234,-1.2597855106,2.1236660065
643,23.6,2.030538471,0.0304051313,3.387,air,1,10.5344861466,1.6970043309,-5.937272517,-1.2501551392,2.1077740798
644,23.634,2.0298298638,0.0301535932,3.387,air,1,10.5914332353,1.6841261249,-5.9792594313,-1.240332286,2.0915795429
645,23.667,2.0291307824,0.0299371755,3.387,air,1,10.6462735604,1.67177808,-6.0196924517,-1.2308964291,2.0760414177
646,23.7,2.0284203053,0.0297465817,3.387,air,1,10.7006980931,1.659584703,-6.0598167322,-1.2215582666,2.0606858046
647,23.734,2.0276761821,0.0295757229,3.387,air,1,10.756347639,1.6471880096,-6.1008399945,-1.2120396914,2.0450595474
648,23.767,2.0269420488,0.0294332485,3.387,air,1,10.8099594541,1.6353199636,-6.140355089,-1.2029001686,2.0300837911
649,23.8,2.0261961132,0.0293124602,3.387,air,1,10.8631870669,1.6236145411,-6.1795790011,-1.1938569241,2.0152961404
650,23.834,2.0254151896,0.0292093698,3.387,air,1,10.9176370581,1.6117236974,-6.2196930409,-1.1846379481,2.00025507
651,23.9,2.023863447,0.0290663376,3.387,air,1,11.0222444473,1.5891195999,-6.2967187925,-1.1670131072,1.9716035846
652,23.934,2.0230457195,0.0290197374,3.387,air,1,11.0755921458,1.5777102135,-6.3359750152,-1.1580635185,1.9571102756
653,23.967,2.022240235,0.0289907295,3.387,air,1,11.1270308919,1.5667792409,-6.3738069218,-1.1494540332,1.9432039945
654,24,2.0214232375,0.0289767543,3.387,air,1,11.1781424453,1.5559796476,-6.4113766644,-1.1409138575,1.9294447631
655,24.034,2.020569583,0.0289771589,3.387,air,1,11.2304674889,1.5449791321,-6.4498136597,-1.1321801751,1.9154092167
656,24.067,2.0197296369,0.0289910965,3.387,air,1,11.2809336077,1.5344130254,-6.4868590874,-1.1237594506,1.901909208
657,24.1,2.0188786183,0.0290176346,3.387,air,1,11.3310888459,1.5239438156,-6.5236487965,-1.1153867039,1.8885158862
658,24.134,2.0179903977,0.029057452,3.387,air,1,11.3824420777,1.5132453447,-6.5612867048,-1.1068029125,1.8748131001
659,24.167,2.0171173847,0.0291075936,3.387,air,1,11.4319746015,1.5029337807,-6.5975589871,-1.0985060031,1.8615921648
660,24.2,2.0162337723,0.0291685235,3.387,air,1,11.4812024457,1.492680498,-6.633576117,-1.090236553,1.848434692
661,24.234,2.0153124491,0.0292420954,3.387,air,1,11.5316034224,1.4821643169,-6.6704169081,-1.0817391417,1.8349306888
662,24.267,2.0144077443,0.0293235762,3.387,air,1,11.5802119462,1.4719916108,-6.7059129912,-1.0735084769,1.8218616172
663,24.3,2.0134928314,0.0294146469,3.387,air,1,11.6285134685,1.4618412506,-6.7411502802,-1.06529021,1.8088181428
664,24.334,2.0125396152,0.0295182286,3.387,air,1,11.6779552768,1.4513957802,-6.7771828773,-1.0568325609,1.7953954362
665,24.367,2.0116042383,0.0296280227,3.387,air,1,11.7256262705,1.4412601244,-6.8118893616,-1.0486309358,1.782374143
666,24.4,2.0106588594,0.0297467975,3.387,air,1,11.772982224,1.4311188262,-6.8463316634,-1.0404355732,1.7693522195
667,24.434,2.0096743839,0.0298784824,3.387,air,1,11.8214401305,1.4206570948,-6.8815395522,-1.0319987774,1.7559293999
668,24.467,2.0087086999,0.0300153112,3.387,air,1,11.8681458786,1.410484723,-6.9154404184,-1.0238184836,1.7428916895
669,24.5,2.007732946,0.0301610598,3.387,air,1,11.9145259212,1.4002902348,-6.9490725924,-1.0156493726,1.7298428801
670,24.534,2.0067169904,0.0303206506,3.387,air,1,11.9619669759,1.3897610782,-6.9834419851,-1.0072489029,1.7163875457
671,24.567,2.0057204554,0.030484843,3.387,air,1,12.0076748713,1.3795157112,-7.016526456,-0.9991169513,1.703319782
672,24.6,2.0047134356,0.0306583864,3.387,air,1,12.0530467615,1.3692456122,-7.0493411026,-0.9910131164,1.6902486632
673,24.634,2.0036646978,0.030847222,3.387,air,1,12.0994391467,1.358641044,-7.0828687321,-0.9827018311,1.6767851309
674,24.667,2.0026356567,0.0310405324,3.387,air,1,12.1441206503,1.3483301212,-7.1151386385,-0.9746817688,1.6637303466
675,24.7,2.0015953141,0.0312440497,3.387,air,1,12.1884591261,1.3380072536,-7.1471432485,-0.966718664,1.6506993627
676,24.734,2.0005112406,0.0314647932,3.387,air,1,12.2337812597,1.3273672957,-7.1798434842,-0.9585864664,1.6373124171
677,24.767,1.9994467813,0.0316901862,3.387,air,1,12.2774207326,1.3170459467,-7.2113198998,-0.9507769469,1.6243727492
678,24.8,1.9983697675,0.0319269896,3.387,air,1,12.3207163696,1.3067416688,-7.2425431835,-0.9430639154,1.6115034401
679,24.867,1.9961423123,0.0324447985,3.387,air,1,12.4075697163,1.2859295786,-7.3051829678,-0.9277638466,1.5856735591
680,24.9,1.9950239216,0.0327190865,3.387,air,1,12.4498378784,1.2757644723,-7.3356799121,-0.9204380609,1.5731437356
681,24.934,1.9938560277,0.0330157131,3.387,air,1,12.4930415698,1.2653757079,-7.3668682267,-0.9130592183,1.5604014927
682,24.967,1.9927066023,0.0333177875,3.387,air,1,12.534646232,1.2553947194,-7.3969238516,-0.9060792299,1.5482233277
683,25,1.9915407674,0.0336343854,3.387,air,1,12.5759356975,1.2455359323,-7.4267787939,-0.8992961802,1.5362595414
684,25.034,1.9903215918,0.0339763665,3.387,air,1,12.618156966,1.2355301313,-7.4573416883,-0.8925322714,1.5241878365
685,25.067,1.9891199206,0.034324203,3.387,air,1,12.6588380719,1.2259903632,-7.4868285445,-0.8862034291,1.5127487856
686,25.1,1.9878992678,0.0346882992,3.387,air,1,12.6992384263,1.2166449666,-7.5161555331,-0.8801246952,1.5016139497
687,25.134,1.9866207847,0.0350810459,3.387,air,1,12.7405849724,1.2072469938,-7.5462202873,-0.8741411913,1.4904925784
