t,d_2,x_loc,y_loc,do,mf_xe,p_atm
0.0000,13.8216,0.000,0.000,3.719,0.55,1
0.0330,13.8171,0.000,0.000,,,
0.0670,13.8271,0.000,0.000,,,
0.1000,13.8349,0.000,0.000,,,
0.1330,13.8416,0.000,0.000,,,
0.1670,13.8527,0.000,0.000,,,
0.2000,13.8616,0.000,0.000,,,
0.2330,13.8650,0.000,0.000,,,
0.2670,13.8750,0.000,0.000,,,
0.3000,13.8839,0.000,0.000,,,
0.3330,13.8905,0.000,0.000,,,
0.3670,13.8950,0.000,0.000,,,
0.4000,13.9106,0.000,0.000,,,
0.4330,13.9217,0.000,0.000,,,
0.4670,13.9373,0.000,0.000,,,
0.5000,13.9617,0.000,0.000,,,
0.5330,13.9740,0.000,0.000,,,
0.5670,13.9929,0.000,0.000,,,
0.6000,14.0062,0.000,0.000,,,
0.6330,14.0173,0.000,0.000,,,
0.6670,14.0440,0.000,0.000,,,
0.7000,14.0552,0.000,0.000,,,
0.7330,14.0663,0.000,0.000,,,
0.7670,14.0752,0.000,0.000,,,
0.8000,14.0952,0.000,0.000,,,
0.8330,14.1085,0.000,0.000,,,
0.8670,14.1197,0.000,0.000,,,
0.9000,14.1208,0.000,0.000,,,
0.9330,14.1252,0.000,0.000,,,
0.9670,14.1330,0.000,0.000,,,
1.0000,14.1397,0.000,0.000,,,
1.0330,14.1519,0.000,0.000,,,
1.0670,14.1575,0.030,0.000,,,
1.1000,14.1630,0.030,0.000,,,
1.1330,14.1608,0.030,0.000,,,
1.1670,14.1675,0.030,0.000,,,
1.2000,14.1708,0.030,0.000,,,
1.2330,14.1730,0.059,0.000,,,
1.2670,14.1742,0.059,0.000,,,
1.3000,14.1797,0.059,0.000,,,
1.3330,14.1775,0.059,0.000,,,
1.3670,14.1942,0.089,0.000,,,
1.4000,14.1886,0.089,0.000,,,
1.4330,14.1819,0.089,0.000,,,
1.4670,14.2009,0.118,0.000,,,
1.5000,14.1920,0.118,0.000,,,
1.5330,14.2064,0.118,0.000,,,
1.5670,14.2064,0.148,0.000,,,
1.6000,14.2086,0.148,0.000,,,
1.6330,14.2175,0.148,0.000,,,
1.6670,14.2142,0.177,0.000,,,
1.7000,14.2175,0.177,0.000,,,
1.7330,14.2242,0.177,0.000,,,
1.7670,14.2253,0.207,0.000,,,
1.8000,14.2231,0.207,0.000,,,
1.8330,14.2364,0.207,0.000,,,
1.8670,14.2342,0.236,0.000,,,
1.9000,14.2431,0.236,0.000,,,
1.9330,14.2554,0.266,0.000,,,
1.9670,14.2520,0.266,0.000,,,
2.0000,14.2765,0.266,0.000,,,
2.0330,14.2453,0.296,0.000,,,
2.0670,14.2498,0.325,0.000,,,
2.1000,14.2565,0.355,0.000,,,
2.1330,14.2465,0.355,0.000,,,
2.1670,14.2565,0.384,0.000,,,
2.2000,14.2531,0.414,0.000,,,
2.2330,14.2654,0.443,0.000,,,
2.2670,14.2698,0.443,0.000,,,
2.3000,14.2642,0.473,0.000,,,
2.3330,14.2820,0.502,0.000,,,
2.3670,14.2520,0.502,0.000,,,
2.4000,14.2531,0.532,-0.030,,,
2.4330,14.2676,0.562,-0.030,,,
2.4670,14.2487,0.562,-0.030,,,
2.5000,14.2476,0.591,-0.030,,,
2.5330,14.2387,0.591,-0.030,,,
2.5670,14.2342,0.621,-0.030,,,
2.6000,14.2342,0.650,-0.030,,,
2.6330,14.2209,0.650,-0.030,,,
2.6670,14.2220,0.680,-0.030,,,
2.7000,14.2109,0.709,-0.030,,,
2.7330,14.2220,0.709,-0.030,,,
2.7670,14.2142,0.739,-0.030,,,
2.8000,14.2287,0.768,-0.030,,,
2.8330,14.2142,0.768,-0.030,,,
2.8670,14.2120,0.798,-0.059,,,
2.9000,14.2098,0.798,-0.059,,,
2.9330,14.1964,0.828,-0.059,,,
2.9670,14.1931,0.857,-0.059,,,
3.0000,14.1920,0.857,-0.059,,,
3.0330,14.1853,0.887,-0.059,,,
3.0670,14.1831,0.916,-0.059,,,
3.1000,14.1730,0.916,-0.059,,,
3.1330,14.1697,0.946,-0.059,,,
3.1670,14.1619,0.946,-0.059,,,
3.2000,14.1608,0.975,-0.059,,,
3.2330,14.1564,1.005,-0.059,,,
3.2670,14.1464,1.005,-0.059,,,
3.3000,14.1408,1.034,-0.059,,,
3.3330,14.1419,1.064,-0.059,,,
3.3670,14.1397,1.064,-0.059,,,
3.4000,14.1252,1.094,-0.059,,,
3.4330,14.1319,1.094,-0.059,,,
3.4670,14.1241,1.123,-0.059,,,
3.5000,14.1130,1.123,-0.089,,,
3.5330,14.1119,1.153,-0.089,,,
3.5670,14.1052,1.153,-0.089,,,
3.6000,14.1019,1.182,-0.089,,,
3.6330,14.0896,1.212,-0.089,,,
3.6670,14.0963,1.212,-0.089,,,
3.7000,14.0907,1.241,-0.089,,,
3.7330,14.0863,1.241,-0.089,,,
3.7670,14.0863,1.271,-0.089,,,
3.8000,14.0741,1.271,-0.089,,,
3.8330,14.0652,1.300,-0.089,,,
3.8670,14.0629,1.300,-0.089,,,
3.9000,14.0496,1.330,-0.089,,,
3.9330,14.0463,1.330,-0.089,,,
3.9670,14.0318,1.360,-0.089,,,
4.0000,14.0296,1.360,-0.118,,,
4.0330,14.0240,1.389,-0.118,,,
4.0670,14.0329,1.389,-0.118,,,
4.1000,14.0207,1.419,-0.118,,,
4.1330,14.0240,1.419,-0.118,,,
4.1670,14.0140,1.448,-0.118,,,
4.2000,14.0084,1.448,-0.118,,,
4.2330,13.9873,1.448,-0.118,,,
4.2670,13.9929,1.478,-0.118,,,
4.3000,13.9817,1.478,-0.148,,,
4.3330,13.9806,1.507,-0.148,,,
4.3670,13.9784,1.507,-0.148,,,
4.4000,13.9684,1.537,-0.148,,,
4.4330,13.9784,1.537,-0.148,,,
4.4670,13.9562,1.537,-0.148,,,
4.5000,13.9539,1.566,-0.148,,,
4.5330,13.9495,1.566,-0.148,,,
4.5670,13.9473,1.596,-0.177,,,
4.6000,13.9395,1.596,-0.177,,,
4.6330,13.9317,1.596,-0.177,,,
4.6670,13.9272,1.626,-0.177,,,
4.7000,13.9195,1.626,-0.177,,,
4.7330,13.9206,1.655,-0.177,,,
4.7670,13.9039,1.655,-0.177,,,
4.8000,13.9017,1.655,-0.207,,,
4.8330,13.9017,1.685,-0.207,,,
4.8670,13.8883,1.685,-0.207,,,
4.9000,13.8861,1.714,-0.207,,,
4.9330,13.8850,1.714,-0.207,,,
4.9670,13.8805,1.714,-0.207,,,
5.0000,13.8861,1.744,-0.207,,,
5.0330,13.8638,1.744,-0.236,,,
5.0670,13.8594,1.744,-0.236,,,
5.1000,13.8616,1.773,-0.236,,,
5.1330,13.8260,1.773,-0.236,,,
5.1670,13.8427,1.773,-0.236,,,
5.2000,13.8327,1.803,-0.236,,,
5.2330,13.8294,1.803,-0.236,,,
5.2670,13.8238,1.832,-0.236,,,
5.3000,13.8216,1.832,-0.266,,,
5.3330,13.8082,1.832,-0.266,,,
5.3670,13.8127,1.862,-0.266,,,
5.4000,13.7815,1.862,-0.266,,,
5.4330,13.7827,1.862,-0.266,,,
5.4670,13.7904,1.892,-0.266,,,
5.5000,13.7704,1.892,-0.266,,,
5.5330,13.7771,1.892,-0.266,,,
5.5670,13.7738,1.921,-0.266,,,
5.6000,13.7704,1.921,-0.266,,,
5.6330,13.7604,1.921,-0.296,,,
5.6670,13.7593,1.951,-0.296,,,
5.7000,13.7348,1.951,-0.296,,,
5.7330,13.7237,1.951,-0.296,,,
5.7670,13.7415,1.951,-0.296,,,
5.8000,13.7193,1.980,-0.296,,,
5.8330,13.7226,1.980,-0.296,,,
5.8670,13.7226,1.980,-0.296,,,
5.9000,13.7048,2.010,-0.296,,,
5.9330,13.7048,2.010,-0.296,,,
5.9670,13.7059,2.010,-0.296,,,
6.0000,13.6881,2.010,-0.296,,,
6.0330,13.6803,2.039,-0.296,,,
6.0670,13.6803,2.039,-0.296,,,
6.1000,13.6759,2.039,-0.296,,,
6.1330,13.6625,2.039,-0.296,,,
6.1670,13.6592,2.069,-0.296,,,
6.2000,13.6459,2.069,-0.296,,,
6.2330,13.6392,2.069,-0.325,,,
6.2670,13.6347,2.069,-0.325,,,
6.3000,13.6236,2.098,-0.325,,,
6.3330,13.6347,2.098,-0.325,,,
6.3670,13.6281,2.098,-0.325,,,
6.4000,13.6136,2.098,-0.325,,,
6.4330,13.6114,2.128,-0.325,,,
6.4670,13.6136,2.128,-0.325,,,
6.5000,13.6047,2.128,-0.325,,,
6.5330,13.5969,2.158,-0.325,,,
6.5670,13.5936,2.158,-0.325,,,
6.6000,13.5869,2.158,-0.325,,,
6.6330,13.5802,2.158,-0.325,,,
6.6670,13.5691,2.187,-0.325,,,
6.7000,13.5535,2.187,-0.325,,,
6.7330,13.5569,2.187,-0.325,,,
6.7670,13.5502,2.187,-0.325,,,
6.8000,13.5446,2.217,-0.325,,,
6.8330,13.5224,2.217,-0.325,,,
6.8670,13.5302,2.217,-0.325,,,
6.9000,13.5357,2.217,-0.325,,,
6.9330,13.5091,2.217,-0.325,,,
6.9670,13.5157,2.246,-0.325,,,
7.0000,13.5013,2.246,-0.325,,,
7.0330,13.4913,2.246,-0.325,,,
7.0670,13.4779,2.246,-0.325,,,
7.1000,13.4801,2.246,-0.325,,,
7.1330,13.4723,2.246,-0.325,,,
7.1670,13.4723,2.246,-0.325,,,
7.2000,13.4579,2.276,-0.325,,,
7.2330,13.4490,2.276,-0.325,,,
7.2670,13.4423,2.276,-0.355,,,
7.3000,13.4423,2.276,-0.355,,,
7.3330,13.4301,2.276,-0.355,,,
7.3670,13.4067,2.276,-0.355,,,
7.4000,13.4034,2.276,-0.355,,,
7.4330,13.3956,2.276,-0.355,,,
7.4670,13.3912,2.276,-0.355,,,
7.5000,13.3823,2.276,-0.384,,,
7.5330,13.3745,2.276,-0.384,,,
7.5670,13.3711,2.276,-0.384,,,
7.6000,13.3645,2.276,-0.384,,,
7.6330,13.3500,2.276,-0.384,,,
7.6670,13.3489,2.276,-0.384,,,
7.7000,13.3511,2.276,-0.414,,,
7.7330,13.3389,2.276,-0.414,,,
7.7670,13.3255,2.276,-0.414,,,
7.8000,13.3177,2.276,-0.414,,,
7.8330,13.3111,2.276,-0.414,,,
7.8670,13.3211,2.276,-0.414,,,
7.9000,13.2977,2.276,-0.443,,,
7.9330,13.2911,2.305,-0.443,,,
7.9670,13.2721,2.305,-0.443,,,
8.0000,13.2721,2.305,-0.443,,,
8.0330,13.2621,2.305,-0.473,,,
8.0670,13.2566,2.305,-0.473,,,
8.1000,13.2488,2.305,-0.473,,,
8.1330,13.2410,2.305,-0.473,,,
8.1670,13.2354,2.305,-0.502,,,
8.2000,13.2277,2.305,-0.502,,,
8.2330,13.2165,2.305,-0.502,,,
8.2670,13.2132,2.305,-0.502,,,
8.3000,13.1976,2.305,-0.532,,,
8.3330,13.1943,2.305,-0.532,,,
8.3670,13.1887,2.305,-0.532,,,
8.4000,13.1676,2.305,-0.532,,,
8.4330,13.1531,2.305,-0.562,,,
8.4670,13.1643,2.305,-0.562,,,
8.5000,13.1576,2.305,-0.562,,,
8.5330,13.1287,2.305,-0.562,,,
8.5670,13.1353,2.335,-0.591,,,
8.6000,13.1320,2.335,-0.591,,,
8.6330,13.1142,2.335,-0.591,,,
8.6670,13.1020,2.335,-0.621,,,
8.7000,13.1020,2.335,-0.621,,,
8.7330,13.0931,2.335,-0.621,,,
8.7670,13.0775,2.335,-0.650,,,
8.8000,13.0675,2.335,-0.650,,,
8.8330,13.0608,2.335,-0.650,,,
8.8670,13.0619,2.335,-0.680,,,
8.9000,13.0386,2.305,-0.680,,,
8.9330,13.0352,2.305,-0.680,,,
8.9670,13.0308,2.305,-0.680,,,
9.0000,13.0297,2.305,-0.709,,,
9.0330,13.0119,2.305,-0.709,,,
9.0670,13.0008,2.305,-0.709,,,
9.1000,13.0008,2.305,-0.709,,,
9.1330,12.9997,2.335,-0.709,,,
9.1670,12.9941,2.335,-0.709,,,
9.2000,12.9785,2.335,-0.739,,,
9.2330,12.9752,2.335,-0.739,,,
9.2670,12.9629,2.335,-0.739,,,
9.3000,12.9452,2.335,-0.739,,,
9.3330,12.9463,2.335,-0.739,,,
9.3670,12.9396,2.335,-0.739,,,
9.4000,12.9307,2.364,-0.739,,,
9.4330,12.9196,2.364,-0.739,,,
9.4670,12.9185,2.364,-0.709,,,
9.5000,12.9062,2.364,-0.709,,,
9.5330,12.8873,2.394,-0.709,,,
9.5670,12.8695,2.394,-0.709,,,
9.6000,12.8751,2.394,-0.709,,,
9.6330,12.8584,2.424,-0.709,,,
9.6670,12.8495,2.424,-0.680,,,
9.7000,12.8384,2.453,-0.680,,,
9.7330,12.8317,2.453,-0.680,,,
9.7670,12.8217,2.483,-0.680,,,
9.8000,12.8139,2.483,-0.650,,,
9.8330,12.8039,2.483,-0.650,,,
9.8670,12.7939,2.512,-0.650,,,
9.9000,12.7872,2.512,-0.650,,,
9.9330,12.7728,2.542,-0.621,,,
9.9670,12.7783,2.542,-0.621,,,
10.0000,12.7616,2.542,-0.621,,,
10.0330,12.7450,2.571,-0.621,,,
10.0670,12.7550,2.571,-0.591,,,
10.1000,12.7594,2.601,-0.591,,,
10.1330,12.7416,2.601,-0.591,,,
10.1670,12.7260,2.630,-0.562,,,
10.2000,12.7327,2.630,-0.562,,,
10.2330,12.7160,2.630,-0.562,,,
10.2670,12.7249,2.660,-0.562,,,
10.3000,12.7016,2.660,-0.562,,,
10.3330,12.6916,2.690,-0.532,,,
10.3670,12.6971,2.690,-0.532,,,
10.4000,12.6927,2.690,-0.532,,,
10.4330,12.6816,2.719,-0.532,,,
10.4670,12.6727,2.719,-0.532,,,
10.5000,12.6715,2.719,-0.502,,,
10.5330,12.6615,2.749,-0.502,,,
10.5670,12.6549,2.749,-0.502,,,
10.6000,12.6593,2.778,-0.502,,,
10.6330,12.6371,2.778,-0.502,,,
10.6670,12.6337,2.778,-0.502,,,
10.7000,12.6293,2.778,-0.473,,,
10.7330,12.6315,2.808,-0.473,,,
10.7670,12.6215,2.808,-0.473,,,
10.8000,12.6170,2.808,-0.473,,,
10.8330,12.6148,2.837,-0.473,,,
10.8670,12.6093,2.837,-0.473,,,
10.9000,12.6082,2.837,-0.473,,,
10.9330,12.6093,2.837,-0.443,,,
10.9670,12.5948,2.837,-0.443,,,
11.0000,12.5948,2.867,-0.443,,,
11.0330,12.5815,2.867,-0.443,,,
11.0670,12.5726,2.867,-0.443,,,
11.1000,12.5815,2.867,-0.443,,,
11.1330,12.5748,2.896,-0.443,,,
11.1670,12.5692,2.896,-0.443,,,
11.2000,12.5492,2.896,-0.443,,,
11.2330,12.5603,2.896,-0.443,,,
11.2670,12.5514,2.896,-0.443,,,
11.3000,12.5481,2.926,-0.443,,,
11.3330,12.5481,2.926,-0.443,,,
11.3670,12.5381,2.926,-0.443,,,
11.4000,12.5336,2.926,-0.443,,,
11.4330,12.5370,2.926,-0.443,,,
11.4670,12.5314,2.926,-0.443,,,
11.5000,12.5236,2.956,-0.443,,,
11.5330,12.5203,2.956,-0.443,,,
11.5670,12.5158,2.956,-0.443,,,
11.6000,12.5069,2.956,-0.443,,,
11.6330,12.5092,2.956,-0.443,,,
11.6670,12.5114,2.956,-0.443,,,
11.7000,12.5103,2.985,-0.443,,,
11.7330,12.4980,2.985,-0.414,,,
11.7670,12.4891,2.985,-0.414,,,
11.8000,12.4891,2.985,-0.414,,,
11.8330,12.4825,2.985,-0.414,,,
11.8670,12.4680,2.985,-0.414,,,
11.9000,12.4791,2.985,-0.414,,,
11.9330,12.4769,3.015,-0.414,,,
11.9670,12.4691,3.015,-0.414,,,
12.0000,12.4602,3.015,-0.414,,,
12.0330,12.4513,3.015,-0.414,,,
12.0670,12.4469,3.015,-0.414,,,
12.1000,12.4502,3.015,-0.414,,,
12.1330,12.4480,3.015,-0.414,,,
12.1670,12.4447,3.044,-0.414,,,
12.2000,12.4369,3.044,-0.414,,,
12.2330,12.4291,3.044,-0.414,,,
12.2670,12.4224,3.044,-0.414,,,
12.3000,12.4202,3.044,-0.414,,,
12.3330,12.4224,3.074,-0.414,,,
12.3670,12.4202,3.074,-0.414,,,
12.4000,12.4102,3.074,-0.414,,,
12.4330,12.4135,3.074,-0.414,,,
12.4670,12.4091,3.074,-0.414,,,
12.5000,12.3968,3.074,-0.414,,,
12.5330,12.3913,3.103,-0.414,,,
12.5670,12.3979,3.103,-0.414,,,
12.6000,12.3968,3.103,-0.414,,,
12.6330,12.3857,3.103,-0.414,,,
12.6670,12.3824,3.103,-0.414,,,
12.7000,12.3746,3.133,-0.414,,,
12.7330,12.3746,3.133,-0.384,,,
12.7670,12.3712,3.133,-0.384,,,
12.8000,12.3635,3.133,-0.384,,,
12.8330,12.3635,3.162,-0.384,,,
12.8670,12.3712,3.162,-0.384,,,
12.9000,12.3690,3.162,-0.384,,,
12.9330,12.3635,3.162,-0.384,,,
12.9670,12.3535,3.192,-0.384,,,
13.0000,12.3579,3.192,-0.384,,,
13.0330,12.3535,3.192,-0.384,,,
13.0670,12.3423,3.192,-0.384,,,
13.1000,12.3379,3.222,-0.355,,,
13.1330,12.3490,3.222,-0.355,,,
13.1670,12.3479,3.222,-0.355,,,
13.2000,12.3357,3.222,-0.355,,,
13.2330,12.3468,3.251,-0.355,,,
13.2670,12.3323,3.251,-0.355,,,
13.3000,12.3368,3.251,-0.355,,,
13.3330,12.3156,3.251,-0.355,,,
13.3670,12.3223,3.281,-0.355,,,
13.4000,12.3268,3.281,-0.325,,,
13.4330,12.3112,3.281,-0.325,,,
13.4670,12.3012,3.281,-0.325,,,
13.5000,12.3123,3.310,-0.325,,,
13.5330,12.3179,3.310,-0.325,,,
13.5670,12.3079,3.310,-0.325,,,
13.6000,12.3045,3.310,-0.325,,,
13.6330,12.3034,3.340,-0.325,,,
13.6670,12.3045,3.340,-0.325,,,
13.7000,12.2978,3.340,-0.325,,,
13.7330,12.3023,3.340,-0.325,,,
13.7670,12.2956,3.369,-0.325,,,
13.8000,12.2956,3.369,-0.325,,,
13.8330,12.2856,3.369,-0.325,,,
13.8670,12.2711,3.369,-0.325,,,
13.9000,12.2745,3.399,-0.325,,,
13.9330,12.2800,3.399,-0.325,,,
13.9670,12.2778,3.399,-0.325,,,
14.0000,12.2689,3.399,-0.325,,,
14.0330,12.2756,3.428,-0.325,,,
14.0670,12.2745,3.428,-0.325,,,
14.1000,12.2845,3.428,-0.325,,,
14.1330,12.2667,3.428,-0.325,,,
14.1670,12.2634,3.428,-0.325,,,
14.2000,12.2578,3.458,-0.325,,,
14.2330,12.2511,3.458,-0.325,,,
14.2670,12.2567,3.458,-0.325,,,
14.3000,12.2611,3.458,-0.355,,,
14.3330,12.2400,3.458,-0.355,,,
14.3670,12.2545,3.458,-0.355,,,
14.4000,12.2489,3.488,-0.355,,,
14.4330,12.2389,3.488,-0.355,,,
14.4670,12.2400,3.488,-0.355,,,
14.5000,12.2500,3.488,-0.355,,,
14.5330,12.2433,3.488,-0.384,,,
14.5670,12.2322,3.488,-0.384,,,
14.6000,12.2378,3.488,-0.384,,,
14.6330,12.2333,3.488,-0.384,,,
14.6670,12.2322,3.488,-0.384,,,
14.7000,12.2222,3.517,-0.414,,,
14.7330,12.2211,3.517,-0.414,,,
14.7670,12.2278,3.517,-0.414,,,
14.8000,12.2211,3.517,-0.414,,,
14.8330,12.2166,3.517,-0.443,,,
14.8670,12.2122,3.517,-0.443,,,
14.9000,12.2133,3.517,-0.443,,,
14.9330,12.2122,3.517,-0.473,,,
14.9670,12.2089,3.517,-0.473,,,
15.0000,12.2089,3.517,-0.473,,,
15.0330,12.2111,3.517,-0.502,,,
15.0670,12.2089,3.488,-0.502,,,
15.1000,12.2066,3.488,-0.502,,,
15.1330,12.2100,3.488,-0.532,,,
15.1670,12.2044,3.488,-0.532,,,
15.2000,12.1966,3.488,-0.532,,,
15.2330,12.1966,3.488,-0.562,,,
15.2670,12.1944,3.488,-0.562,,,
15.3000,12.1833,3.488,-0.591,,,
15.3330,12.1877,3.488,-0.591,,,
15.3670,12.1966,3.488,-0.591,,,
15.4000,12.1955,3.488,-0.621,,,
15.4330,12.1766,3.458,-0.621,,,
15.4670,12.1900,3.458,-0.621,,,
15.5000,12.1799,3.458,-0.650,,,
15.5330,12.1811,3.458,-0.650,,,
15.5670,12.1699,3.458,-0.680,,,
15.6000,12.1755,3.458,-0.680,,,
15.6330,12.1733,3.458,-0.680,,,
15.6670,12.1855,3.458,-0.709,,,
15.7000,12.1588,3.428,-0.709,,,
15.7330,12.1766,3.428,-0.709,,,
15.7670,12.1733,3.428,-0.739,,,
15.8000,12.1644,3.428,-0.739,,,
15.8330,12.1633,3.428,-0.739,,,
15.8670,12.1566,3.428,-0.768,,,
15.9000,12.1599,3.428,-0.768,,,
15.9330,12.1599,3.428,-0.768,,,
15.9670,12.1777,3.399,-0.798,,,
16.0000,12.1599,3.399,-0.798,,,
16.0330,12.1588,3.399,-0.798,,,
16.0670,12.1577,3.399,-0.798,,,
16.1000,12.1388,3.399,-0.828,,,
16.1330,12.1488,3.399,-0.828,,,
16.1670,12.1444,3.399,-0.828,,,
16.2000,12.1477,3.399,-0.828,,,
16.2330,12.1655,3.399,-0.857,,,
16.2670,12.1466,3.369,-0.857,,,
16.3000,12.1388,3.369,-0.857,,,
16.3330,12.1399,3.369,-0.857,,,
16.3670,12.1254,3.369,-0.857,,,
16.4000,12.1310,3.369,-0.887,,,
16.4330,12.1310,3.369,-0.887,,,
16.4670,12.1399,3.369,-0.887,,,
16.5000,12.1444,3.369,-0.887,,,
16.5330,12.1410,3.369,-0.916,,,
16.5670,12.1188,3.340,-0.916,,,
16.6000,12.1332,3.340,-0.916,,,
16.6330,12.1321,3.340,-0.916,,,
16.6670,12.1288,3.340,-0.946,,,
16.7000,12.1221,3.340,-0.946,,,
16.7330,12.1188,3.340,-0.946,,,
16.7670,12.1177,3.340,-0.946,,,
16.8000,12.1199,3.340,-0.946,,,
16.8330,12.1243,3.340,-0.975,,,
16.8670,12.1099,3.340,-0.975,,,
16.9000,12.1154,3.340,-0.975,,,
16.9330,12.1277,3.340,-0.975,,,
16.9670,12.1221,3.340,-1.005,,,
17.0000,12.1132,3.340,-1.005,,,
17.0330,12.1077,3.340,-1.005,,,
17.0670,12.1243,3.340,-1.005,,,
17.1000,12.1277,3.310,-1.034,,,
17.1330,12.1099,3.340,-1.034,,,
17.1670,12.1021,3.310,-1.034,,,
17.2000,12.1099,3.310,-1.034,,,
17.2330,12.1266,3.310,-1.034,,,
17.2670,12.1165,3.310,-1.064,,,
17.3000,12.0988,3.310,-1.064,,,
17.3330,12.1088,3.310,-1.064,,,
17.3670,12.1110,3.310,-1.094,,,
17.4000,12.1099,3.310,-1.094,,,
17.4330,12.0943,3.310,-1.094,,,
17.4670,12.1043,3.310,-1.094,,,
17.5000,12.1088,3.310,-1.123,,,
17.5330,12.0921,3.310,-1.123,,,
17.5670,12.0854,3.310,-1.123,,,
17.6000,12.0954,3.310,-1.123,,,
17.6330,12.0843,3.310,-1.153,,,
17.6670,12.0832,3.310,-1.153,,,
17.7000,12.0854,3.310,-1.153,,,
17.7330,12.0887,3.310,-1.153,,,
17.7670,12.0821,3.310,-1.182,,,
17.8000,12.0776,3.310,-1.182,,,
17.8330,12.0754,3.310,-1.182,,,
17.8670,12.0787,3.310,-1.182,,,
17.9000,12.0821,3.310,-1.212,,,
17.9330,12.0743,3.310,-1.212,,,
17.9670,12.0721,3.310,-1.212,,,
18.0000,12.0899,3.310,-1.212,,,
18.0330,12.0865,3.310,-1.212,,,
18.0670,12.0843,3.310,-1.241,,,
18.1000,12.0676,3.310,-1.241,,,
18.1330,12.0776,3.310,-1.241,,,
18.1670,12.0832,3.310,-1.241,,,
18.2000,12.0721,3.310,-1.271,,,
18.2330,12.0643,3.310,-1.271,,,
18.2670,12.0620,3.310,-1.271,,,
18.3000,12.0765,3.310,-1.271,,,
18.3330,12.0776,3.310,-1.271,,,
18.3670,12.0654,3.310,-1.300,,,
18.4000,12.0643,3.310,-1.300,,,
18.4330,12.0620,3.310,-1.300,,,
18.4670,12.0632,3.310,-1.300,,,
18.5000,12.0709,3.310,-1.330,,,
18.5330,12.0576,3.310,-1.330,,,
18.5670,12.0587,3.310,-1.330,,,
18.6000,12.0576,3.310,-1.330,,,
18.6330,12.0665,3.310,-1.330,,,
18.6670,12.0609,3.310,-1.360,,,
18.7000,12.0509,3.310,-1.360,,,
18.7330,12.0543,3.310,-1.360,,,
18.7670,12.0532,3.310,-1.360,,,
18.8000,12.0654,3.310,-1.360,,,
18.8330,12.0665,3.310,-1.389,,,
18.8670,12.0576,3.310,-1.389,,,
18.9000,12.0654,3.340,-1.389,,,
18.9330,12.0543,3.340,-1.389,,,
18.9670,12.0554,3.340,-1.389,,,
19.0000,12.0532,3.340,-1.389,,,
19.0330,12.0609,3.340,-1.419,,,
19.0670,12.0454,3.340,-1.419,,,
19.1000,12.0387,3.340,-1.419,,,
19.1330,12.0431,3.340,-1.419,,,
19.1670,12.0398,3.340,-1.419,,,
19.2000,12.0476,3.340,-1.419,,,
19.2330,12.0554,3.369,-1.448,,,
19.2670,12.0376,3.369,-1.448,,,
19.3000,12.0387,3.369,-1.448,,,
19.3330,12.0376,3.369,-1.448,,,
19.3670,12.0431,3.369,-1.448,,,
19.4000,12.0420,3.369,-1.478,,,
19.4330,12.0365,3.369,-1.478,,,
19.4670,12.0532,3.399,-1.478,,,
19.5000,12.0354,3.399,-1.478,,,
19.5330,12.0331,3.399,-1.478,,,
19.5670,12.0376,3.399,-1.478,,,
19.6000,12.0387,3.399,-1.507,,,
19.6330,12.0354,3.399,-1.507,,,
19.6670,12.0398,3.399,-1.507,,,
19.7000,12.0398,3.428,-1.507,,,
19.7330,12.0287,3.428,-1.507,,,
19.7670,12.0309,3.428,-1.507,,,
19.8000,12.0342,3.428,-1.537,,,
19.8330,12.0265,3.428,-1.537,,,
19.8670,12.0320,3.428,-1.537,,,
19.9000,12.0354,3.428,-1.537,,,
19.9330,12.0276,3.458,-1.537,,,
19.9670,12.0287,3.458,-1.537,,,
20.0000,12.0242,3.458,-1.566,,,
20.0330,12.0142,3.458,-1.566,,,
20.0670,12.0187,3.458,-1.566,,,
20.1000,12.0265,3.458,-1.566,,,
20.1330,12.0087,3.488,-1.566,,,
20.1670,12.0220,3.488,-1.596,,,
20.2000,12.0120,3.488,-1.596,,,
20.2330,12.0064,3.488,-1.596,,,
20.2670,12.0120,3.488,-1.596,,,
20.3000,12.0109,3.517,-1.596,,,
20.3330,12.0053,3.517,-1.626,,,
20.3670,12.0064,3.517,-1.626,,,
20.4000,12.0064,3.517,-1.626,,,
20.4330,12.0076,3.517,-1.626,,,
20.4670,12.0098,3.517,-1.655,,,
20.5000,12.0164,3.547,-1.655,,,
20.5330,12.0087,3.547,-1.655,,,
20.5670,12.0109,3.547,-1.655,,,
20.6000,12.0053,3.547,-1.685,,,
20.6330,12.0142,3.547,-1.685,,,
20.6670,12.0109,3.576,-1.685,,,
20.7000,11.9964,3.576,-1.685,,,
20.7330,12.0009,3.576,-1.714,,,
20.7670,11.9942,3.576,-1.714,,,
20.8000,11.9953,3.576,-1.714,,,
20.8330,11.9998,3.576,-1.714,,,
20.8670,11.9975,3.606,-1.744,,,
20.9000,12.0020,3.606,-1.744,,,
20.9330,11.9998,3.606,-1.744,,,
20.9670,11.9987,3.606,-1.773,,,
21.0000,11.9953,3.606,-1.773,,,
21.0330,11.9964,3.606,-1.773,,,
21.0670,11.9875,3.635,-1.773,,,
21.1000,11.9875,3.635,-1.803,,,
21.1330,11.9886,3.635,-1.803,,,
21.1670,12.0020,3.635,-1.803,,,
21.2000,11.9809,3.635,-1.832,,,
21.2330,11.9920,3.635,-1.832,,,
21.2670,11.9809,3.665,-1.832,,,
21.3000,11.9864,3.665,-1.862,,,
21.3330,11.9797,3.665,-1.862,,,
21.3670,11.9886,3.665,-1.862,,,
21.4000,11.9809,3.665,-1.892,,,
21.4330,11.9898,3.694,-1.892,,,
21.4670,11.9831,3.694,-1.892,,,
21.5000,11.9853,3.694,-1.921,,,
21.5330,11.9809,3.694,-1.921,,,
21.5670,11.9764,3.694,-1.921,,,
21.6000,11.9764,3.694,-1.951,,,
21.6330,11.9909,3.724,-1.951,,,
21.6670,11.9842,3.724,-1.951,,,
21.7000,11.9886,3.724,-1.980,,,
21.7330,11.9809,3.724,-1.980,,,
21.7670,11.9708,3.724,-1.980,,,
21.8000,11.9797,3.754,-2.010,,,
21.8330,11.9720,3.754,-2.010,,,
21.8670,11.9731,3.754,-2.039,,,
21.9000,11.9753,3.754,-2.039,,,
21.9330,11.9653,3.754,-2.039,,,
21.9670,11.9642,3.783,-2.069,,,
22.0000,11.9742,3.783,-2.069,,,
22.0330,11.9697,3.783,-2.069,,,
22.0670,11.9708,3.783,-2.098,,,
22.1000,11.9619,3.783,-2.098,,,
22.1330,11.9619,3.813,-2.128,,,
22.1670,11.9731,3.813,-2.128,,,
22.2000,11.9697,3.813,-2.128,,,
22.2330,11.9675,3.813,-2.158,,,
22.2670,11.9664,3.813,-2.158,,,
22.3000,11.9564,3.842,-2.187,,,
22.3330,11.9686,3.842,-2.187,,,
22.3670,11.9642,3.842,-2.187,,,
22.4000,11.9619,3.842,-2.217,,,
22.4330,11.9619,3.842,-2.217,,,
22.4670,11.9553,3.842,-2.246,,,
22.5000,11.9631,3.872,-2.246,,,
22.5330,11.9608,3.872,-2.276,,,
22.5670,11.9564,3.872,-2.276,,,
22.6000,11.9464,3.872,-2.276,,,
22.6330,11.9597,3.901,-2.305,,,
22.6670,11.9519,3.901,-2.305,,,
22.7000,11.9575,3.901,-2.335,,,
22.7330,11.9597,3.901,-2.335,,,
22.7670,11.9586,3.901,-2.364,,,
22.8000,11.9486,3.901,-2.364,,,
22.8330,11.9519,3.931,-2.394,,,
22.8670,11.9531,3.931,-2.394,,,
22.9000,11.9553,3.931,-2.424,,,
22.9330,11.9508,3.931,-2.424,,,
22.9670,11.9430,3.931,-2.453,,,
23.0000,11.9353,3.931,-2.453,,,
23.0330,11.9508,3.960,-2.483,,,
23.0670,11.9375,3.960,-2.512,,,
23.1000,11.9464,3.960,-2.512,,,
23.1330,11.9508,3.960,-2.542,,,
23.1670,11.9531,3.960,-2.542,,,
23.2000,11.9297,3.990,-2.571,,,
23.2330,11.9386,3.990,-2.571,,,
23.2670,11.9497,3.990,-2.601,,,
23.3000,11.9364,3.990,-2.601,,,
23.3330,11.9386,3.990,-2.630,,,
23.3670,11.9308,3.990,-2.660,,,
23.4000,11.9386,4.020,-2.660,,,
23.4330,11.9397,4.020,-2.690,,,
23.4670,11.9364,4.020,-2.690,,,
23.5000,11.9419,4.020,-2.719,,,
23.5330,11.9230,4.020,-2.749,,,
23.5670,11.9375,4.020,-2.749,,,
23.6000,11.9208,4.049,-2.778,,,
23.6330,11.9264,4.049,-2.778,,,
23.6670,11.9364,4.049,-2.808,,,
23.7000,11.9275,4.049,-2.837,,,
23.7330,11.9141,4.049,-2.837,,,
23.7670,11.9286,4.049,-2.867,,,
23.8000,11.9152,4.049,-2.896,,,
23.8330,11.9175,4.079,-2.896,,,
23.8670,11.9252,4.079,-2.926,,,
23.9000,11.9197,4.079,-2.956,,,
23.9330,11.9175,4.079,-2.956,,,
23.9670,11.9186,4.079,-2.985,,,
24.0000,11.9141,4.079,-3.015,,,
24.0330,11.9208,4.108,-3.015,,,
24.0670,11.9163,4.108,-3.044,,,
24.1000,11.9186,4.108,-3.074,,,
24.1330,11.9108,4.108,-3.074,,,
24.1670,11.9275,4.108,-3.103,,,
24.2000,11.9130,4.108,-3.133,,,
24.2330,11.9052,4.108,-3.133,,,
24.2670,11.9041,4.138,-3.162,,,
24.3000,11.9086,4.138,-3.192,,,
24.3330,11.9075,4.138,-3.192,,,
24.3670,11.9141,4.138,-3.222,,,
24.4000,11.9119,4.138,-3.251,,,
24.4330,11.9063,4.138,-3.281,,,
24.4670,11.9119,4.138,-3.281,,,
24.5000,11.9086,4.138,-3.310,,,
24.5330,11.8941,4.167,-3.340,,,
24.5670,11.9019,4.167,-3.340,,,
24.6000,11.8974,4.167,-3.369,,,
24.6330,11.9086,4.167,-3.399,,,
24.6670,11.9063,4.167,-3.399,,,
24.7000,11.9041,4.167,-3.428,,,
24.7330,11.9141,4.167,-3.458,,,
24.7670,11.8997,4.167,-3.488,,,
24.8000,11.9019,4.167,-3.488,,,
24.8330,11.9086,4.167,-3.517,,,
24.8670,11.9008,4.167,-3.547,,,
24.9000,11.8974,4.167,-3.547,,,
24.9330,11.8941,4.167,-3.576,,,
24.9670,11.8941,4.167,-3.606,,,
25.0000,11.8819,4.197,-3.635,,,
25.0330,11.8919,4.197,-3.635,,,
25.0670,11.8997,4.197,-3.665,,,
25.1000,11.8908,4.197,-3.694,,,
25.1330,11.8930,4.197,-3.694,,,
25.1670,11.9052,4.197,-3.724,,,
25.2000,11.8908,4.197,-3.754,,,
25.2330,11.8908,4.197,-3.754,,,
25.2670,11.8930,4.197,-3.783,,,
25.3000,11.8841,4.197,-3.813,,,
25.3330,11.8830,4.197,-3.813,,,
25.3670,11.8796,4.197,-3.842,,,
25.4000,11.8841,4.226,-3.872,,,
25.4330,11.8808,4.226,-3.872,,,
25.4670,11.8908,4.226,-3.901,,,
25.5000,11.8908,4.226,-3.931,,,
25.5330,11.8852,4.226,-3.931,,,
25.5670,11.9008,4.226,-3.960,,,
25.6000,11.8830,4.226,-3.990,,,
25.6330,11.8885,4.226,-3.990,,,
25.6670,11.8997,4.226,-4.020,,,
25.7000,11.8897,4.226,-4.049,,,
25.7330,11.8830,4.226,-4.049,,,
25.7670,11.8841,4.226,-4.079,,,
25.8000,11.8774,4.226,-4.108,,,
25.8330,11.8730,4.226,-4.108,,,
25.8670,11.8808,4.226,-4.138,,,
25.9000,11.8730,4.226,-4.138,,,
25.9330,11.8830,4.226,-4.167,,,
25.9670,11.8808,4.256,-4.197,,,
26.0000,11.8707,4.256,-4.226,,,
26.0330,11.8730,4.256,-4.226,,,
26.0670,11.8707,4.256,-4.256,,,
26.1000,11.8763,4.256,-4.286,,,
26.1330,11.8719,4.256,-4.286,,,
26.1670,11.8741,4.256,-4.315,,,
26.2000,11.8741,4.256,-4.345,,,
26.2330,11.8696,4.256,-4.345,,,
26.2670,11.8707,4.256,-4.374,,,
26.3000,11.8685,4.256,-4.404,,,
26.3330,11.8685,4.256,-4.404,,,
26.3670,11.8719,4.256,-4.433,,,
26.4000,11.8707,4.256,-4.433,,,
26.4330,11.8741,4.256,-4.463,,,
26.4670,11.8730,4.256,-4.492,,,
26.5000,11.8641,4.256,-4.492,,,
26.5330,11.8752,4.256,-4.522,,,
26.5670,11.8674,4.256,-4.552,,,
26.6000,11.8641,4.256,-4.552,,,
26.6330,11.8707,4.256,-4.581,,,
26.6670,11.8674,4.256,-4.611,,,
26.7000,11.8607,4.256,-4.611,,,
26.7330,11.8652,4.256,-4.640,,,
26.7670,11.8618,4.256,-4.670,,,
26.8000,11.8607,4.256,-4.670,,,
26.8330,11.8585,4.256,-4.699,,,
26.8670,11.8630,4.256,-4.729,,,
26.9000,11.8574,4.256,-4.729,,,
26.9330,11.8541,4.256,-4.758,,,
26.9670,11.8574,4.256,-4.788,,,
27.0000,11.8563,4.256,-4.818,,,
27.0330,11.8563,4.256,-4.818,,,
27.0670,11.8507,4.256,-4.847,,,
27.1000,11.8552,4.256,-4.877,,,
27.1330,11.8507,4.256,-4.877,,,
27.1670,11.8518,4.226,-4.906,,,
27.2000,11.8518,4.226,-4.936,,,
27.2330,11.8518,4.226,-4.936,,,
27.2670,11.8518,4.226,-4.965,,,
27.3000,11.8485,4.226,-4.995,,,
27.3330,11.8507,4.226,-5.024,,,
27.3670,11.8496,4.226,-5.024,,,
27.4000,11.8674,4.226,-5.054,,,
27.4330,11.8574,4.226,-5.084,,,
27.4670,11.8452,4.226,-5.113,,,
27.5000,11.8452,4.226,-5.113,,,
27.5330,11.8630,4.226,-5.143,,,
27.5670,11.8396,4.226,-5.172,,,
27.6000,11.8429,4.226,-5.172,,,
27.6330,11.8418,4.226,-5.202,,,
27.6670,11.8352,4.226,-5.231,,,
27.7000,11.8385,4.197,-5.261,,,
27.7330,11.8429,4.197,-5.261,,,
27.7670,11.8374,4.197,-5.290,,,
27.8000,11.8385,4.197,-5.320,,,
27.8330,11.8363,4.197,-5.320,,,
27.8670,11.8396,4.197,-5.350,,,
27.9000,11.8463,4.197,-5.379,,,
27.9330,11.8396,4.197,-5.409,,,
27.9670,11.8374,4.197,-5.409,,,
28.0000,11.8307,4.197,-5.438,,,
28.0330,11.8318,4.197,-5.468,,,
28.0670,11.8263,4.167,-5.497,,,
28.1000,11.8285,4.167,-5.527,,,
28.1330,11.8274,4.167,-5.527,,,
28.1670,11.8452,4.167,-5.556,,,
28.2000,11.8474,4.167,-5.586,,,
28.2330,11.8329,4.167,-5.616,,,
28.2670,11.8329,4.167,-5.616,,,
28.3000,11.8240,4.138,-5.645,,,
28.3330,11.8229,4.138,-5.675,,,
28.3670,11.8318,4.138,-5.704,,,
28.4000,11.8251,4.138,-5.734,,,
28.4330,11.8363,4.138,-5.734,,,
28.4670,11.8307,4.138,-5.763,,,
28.5000,11.8140,4.108,-5.793,,,
28.5330,11.8196,4.108,-5.822,,,
28.5670,11.8229,4.108,-5.852,,,
28.6000,11.8240,4.108,-5.882,,,
28.6330,11.8207,4.108,-5.882,,,
28.6670,11.8229,4.108,-5.911,,,
28.7000,11.8185,4.079,-5.941,,,
28.7330,11.8151,4.079,-5.970,,,
28.7670,11.8218,4.079,-6.000,,,
28.8000,11.8196,4.079,-6.029,,,
28.8330,11.8162,4.079,-6.029,,,
28.8670,11.8151,4.079,-6.059,,,
28.9000,11.8174,4.049,-6.088,,,
28.9330,11.8174,4.049,-6.118,,,
28.9670,11.8162,4.049,-6.148,,,
29.0000,11.8129,4.049,-6.177,,,
29.0330,11.8185,4.020,-6.177,,,
29.0670,11.8118,4.020,-6.207,,,
29.1000,11.8129,4.020,-6.236,,,
29.1330,11.8129,4.020,-6.266,,,
29.1670,11.8018,3.990,-6.295,,,
29.2000,11.8074,3.990,-6.325,,,
29.2330,11.8051,3.990,-6.354,,,
29.2670,11.8085,3.990,-6.354,,,
29.3000,11.8018,3.960,-6.384,,,
29.3330,11.7996,3.960,-6.414,,,
29.3670,11.7985,3.960,-6.443,,,
29.4000,11.8007,3.960,-6.473,,,
29.4330,11.8040,3.931,-6.502,,,
29.4670,11.8140,3.931,-6.532,,,
29.5000,11.8029,3.931,-6.561,,,
29.5330,11.8029,3.901,-6.561,,,
29.5670,11.8040,3.901,-6.591,,,
29.6000,11.7996,3.901,-6.620,,,
29.6330,11.8029,3.872,-6.650,,,
29.6670,11.8018,3.872,-6.680,,,
29.7000,11.8062,3.872,-6.709,,,
29.7330,11.7973,3.872,-6.739,,,
29.7670,11.7940,3.842,-6.768,,,
29.8000,11.7973,3.842,-6.798,,,
29.8330,11.7929,3.842,-6.827,,,
29.8670,11.7973,3.813,-6.857,,,
29.9000,11.7918,3.813,-6.886,,,
29.9330,11.7873,3.813,-6.916,,,
29.9670,11.7929,3.783,-6.946,,,
30.0000,11.7929,3.783,-6.975,,,
30.0330,11.7851,3.783,-7.005,,,
30.0670,11.7862,3.754,-7.034,,,
30.1000,11.7851,3.754,-7.064,,,
30.1330,11.7851,3.724,-7.093,,,
30.1670,11.7951,3.724,-7.123,,,
30.2000,11.7795,3.724,-7.152,,,
30.2330,11.7873,3.694,-7.182,,,
30.2670,11.7851,3.694,-7.212,,,
30.3000,11.7840,3.665,-7.241,,,
30.3330,11.7807,3.665,-7.271,,,
30.3670,11.7873,3.665,-7.300,,,
30.4000,11.7840,3.635,-7.330,,,
30.4330,11.7829,3.635,-7.359,,,
30.4670,11.7773,3.606,-7.389,,,
30.5000,11.7773,3.606,-7.418,,,
30.5330,11.7851,3.606,-7.448,,,
30.5670,11.7840,3.576,-7.478,,,
30.6000,11.7795,3.576,-7.507,,,
30.6330,11.7818,3.547,-7.537,,,
30.6670,11.7740,3.547,-7.566,,,
30.7000,11.7729,3.547,-7.596,,,
30.7330,11.7829,3.517,-7.625,,,
30.7670,11.7807,3.517,-7.655,,,
30.8000,11.7851,3.488,-7.684,,,
30.8330,11.7918,3.488,-7.714,,,
30.8670,11.7729,3.488,-7.744,,,
30.9000,11.7762,3.458,-7.773,,,
30.9330,11.7740,3.458,-7.803,,,
30.9670,11.7729,3.428,-7.832,,,
31.0000,11.7762,3.428,-7.862,,,
31.0330,11.7673,3.399,-7.921,,,
31.0670,11.7695,3.399,-7.950,,,
31.1000,11.7706,3.369,-7.980,,,
31.1330,11.7673,3.369,-8.010,,,
31.1670,11.7673,3.369,-8.039,,,
31.2000,11.7606,3.340,-8.069,,,
31.2330,11.7695,3.340,-8.098,,,
31.2670,11.7640,3.310,-8.128,,,
31.3000,11.7651,3.310,-8.157,,,
31.3330,11.7684,3.281,-8.187,,,
31.3670,11.7617,3.281,-8.216,,,
31.4000,11.7729,3.281,-8.246,,,
31.4330,11.7673,3.251,-8.276,,,
31.4670,11.7695,3.251,-8.305,,,
31.5000,11.7695,3.222,-8.335,,,
31.5330,11.7606,3.222,-8.364,,,
31.5670,11.7651,3.192,-8.394,,,
31.6000,11.7617,3.192,-8.423,,,
31.6330,11.7673,3.162,-8.453,,,
31.6670,11.7651,3.162,-8.482,,,
31.7000,11.7706,3.133,-8.512,,,
31.7330,11.7695,3.133,-8.542,,,
31.7670,11.7706,3.133,-8.571,,,
31.8000,11.7651,3.103,-8.601,,,
31.8330,11.7684,3.103,-8.630,,,
31.8670,11.7651,3.074,-8.660,,,
31.9000,11.7684,3.074,-8.689,,,
31.9330,11.7651,3.044,-8.719,,,
31.9670,11.7718,3.044,-8.748,,,
32.0000,11.7595,3.015,-8.778,,,
32.0330,11.7662,3.015,-8.808,,,
32.0670,11.7662,2.985,-8.837,,,
32.1000,11.7573,2.985,-8.867,,,
32.1330,11.7662,2.956,-8.896,,,
32.1670,11.7595,2.956,-8.926,,,
32.2000,11.7718,2.926,-8.955,,,
32.2330,11.7651,2.926,-8.985,,,
32.2670,11.7662,2.896,-9.014,,,
32.3000,11.7617,2.896,-9.044,,,
32.3330,11.7706,2.867,-9.074,,,
32.3670,11.7595,2.867,-9.074,,,
32.4000,11.7651,2.837,-9.103,,,
32.4330,11.7529,2.837,-9.133,,,
32.4670,11.7584,2.808,-9.162,,,
32.5000,11.7417,2.808,-9.192,,,
32.5330,11.7606,2.778,-9.221,,,
32.5670,11.7562,2.778,-9.251,,,
32.6000,11.7529,2.749,-9.280,,,
32.6330,11.7517,2.749,-9.280,,,
32.6670,11.7506,2.719,-9.310,,,
32.7000,11.7473,2.719,-9.340,,,
32.7330,11.7540,2.690,-9.369,,,
32.7670,11.7428,2.690,-9.399,,,
32.8000,11.7529,2.660,-9.428,,,
32.8330,11.7540,2.660,-9.458,,,
32.8670,11.7495,2.630,-9.458,,,
32.9000,11.7551,2.630,-9.487,,,
32.9330,11.7517,2.601,-9.517,,,
32.9670,11.7462,2.601,-9.546,,,
33.0000,11.7562,2.571,-9.576,,,
33.0330,11.7584,2.571,-9.606,,,
33.0670,11.7562,2.542,-9.606,,,
33.1000,11.7440,2.542,-9.635,,,
33.1330,11.7384,2.512,-9.665,,,
33.1670,11.7517,2.512,-9.694,,,
33.2000,11.7473,2.483,-9.724,,,
33.2330,11.7451,2.483,-9.753,,,
33.2670,11.7462,2.453,-9.753,,,
33.3000,11.7517,2.453,-9.783,,,
33.3330,11.7228,2.424,-9.812,,,
33.3670,11.7473,2.394,-9.842,,,
33.4000,11.7417,2.394,-9.872,,,
33.4330,11.7428,2.364,-9.901,,,
33.4670,11.7473,2.364,-9.901,,,
33.5000,11.7306,2.335,-9.931,,,
33.5330,11.7328,2.335,-9.960,,,
33.5670,11.7228,2.305,-9.990,,,
33.6000,11.7406,2.276,-10.019,,,
33.6330,11.7384,2.276,-10.019,,,
33.6670,11.7362,2.246,-10.049,,,
33.7000,11.7351,2.246,-10.078,,,
33.7330,11.7284,2.217,-10.108,,,
33.7670,11.7306,2.217,-10.138,,,
33.8000,11.7384,2.187,-10.138,,,
33.8330,11.7417,2.158,-10.167,,,
33.8670,11.7284,2.158,-10.197,,,
33.9000,11.7317,2.128,-10.226,,,
33.9330,11.7317,2.128,-10.256,,,
33.9670,11.7295,2.098,-10.256,,,
34.0000,11.7306,2.069,-10.285,,,
34.0330,11.7262,2.069,-10.315,,,
34.0670,11.7228,2.039,-10.344,,,
34.1000,11.7328,2.039,-10.374,,,
34.1330,11.7262,2.010,-10.404,,,
34.1670,11.7351,1.980,-10.433,,,
34.2000,11.7362,1.980,-10.433,,,
34.2330,11.7306,1.951,-10.463,,,
34.2670,11.7339,1.951,-10.492,,,
34.3000,11.7061,1.921,-10.522,,,
34.3330,11.7206,1.892,-10.551,,,
34.3670,11.7339,1.892,-10.581,,,
34.4000,11.7328,1.862,-10.581,,,
34.4330,11.7306,1.862,-10.610,,,
34.4670,11.7150,1.832,-10.640,,,
34.5000,11.7173,1.803,-10.670,,,
34.5330,11.7317,1.803,-10.699,,,
34.5670,11.7239,1.773,-10.729,,,
34.6000,11.7161,1.744,-10.729,,,
34.6330,11.7250,1.744,-10.758,,,
34.6670,11.6917,1.714,-10.788,,,
34.7000,11.7217,1.685,-10.817,,,
34.7330,11.7195,1.685,-10.847,,,
34.7670,11.7173,1.655,-10.876,,,
34.8000,11.7173,1.626,-10.876,,,
34.8330,11.7117,1.626,-10.906,,,
34.8670,11.6950,1.596,-10.936,,,
34.9000,11.7206,1.566,-10.965,,,
34.9330,11.7173,1.566,-10.995,,,
34.9670,11.7061,1.537,-10.995,,,
35.0000,11.7095,1.507,-11.024,,,
35.0330,11.7050,1.507,-11.054,,,
35.0670,11.7095,1.478,-11.083,,,
35.1000,11.7117,1.478,-11.083,,,
35.1330,11.6950,1.448,-11.113,,,
35.1670,11.7006,1.419,-11.142,,,
35.2000,11.7006,1.419,-11.172,,,
35.2330,11.6928,1.389,-11.172,,,
35.2670,11.6883,1.360,-11.202,,,
35.3000,11.7084,1.330,-11.231,,,
35.3330,11.7061,1.330,-11.231,,,
35.3670,11.6961,1.300,-11.261,,,
35.4000,11.6972,1.271,-11.290,,,
35.4330,11.7084,1.271,-11.320,,,
35.4670,11.6928,1.241,-11.320,,,
35.5000,11.6906,1.212,-11.349,,,
35.5330,11.7095,1.212,-11.379,,,
35.5670,11.7028,1.182,-11.408,,,
35.6000,11.6961,1.153,-11.408,,,
35.6330,11.7006,1.123,-11.438,,,
35.6670,11.7017,1.123,-11.468,,,
35.7000,11.6895,1.094,-11.468,,,
35.7330,11.6950,1.064,-11.497,,,
35.7670,11.6972,1.064,-11.527,,,
35.8000,11.6917,1.034,-11.527,,,
35.8330,11.6939,1.005,-11.556,,,
35.8670,11.6984,1.005,-11.586,,,
35.9000,11.6917,0.975,-11.586,,,
35.9330,11.6950,0.946,-11.615,,,
35.9670,11.6917,0.946,-11.645,,,
36.0000,11.6817,0.916,-11.645,,,
36.0330,11.6772,0.887,-11.674,,,
36.0670,11.6883,0.887,-11.704,,,
36.1000,11.6794,0.857,-11.704,,,
36.1330,11.6772,0.828,-11.734,,,
36.1670,11.6839,0.798,-11.734,,,
36.2000,11.6806,0.798,-11.763,,,
36.2330,11.6772,0.768,-11.793,,,
36.2670,11.6928,0.739,-11.793,,,
36.3000,11.6794,0.739,-11.822,,,
36.3330,11.6828,0.709,-11.822,,,
36.3670,11.6705,0.680,-11.852,,,
36.4000,11.6817,0.680,-11.881,,,
36.4330,11.6672,0.650,-11.881,,,
36.4670,11.6783,0.621,-11.911,,,
36.5000,11.6872,0.621,-11.911,,,
36.5330,11.6850,0.591,-11.940,,,
36.5670,11.6761,0.562,-11.940,,,
36.6000,11.6883,0.532,-11.970,,,
36.6330,11.6806,0.532,-11.970,,,
36.6670,11.6683,0.502,-12.000,,,
36.7000,11.6794,0.473,-12.000,,,
36.7330,11.6672,0.473,-12.029,,,
36.7670,11.6750,0.443,-12.029,,,
36.8000,11.6806,0.414,-12.059,,,
36.8330,11.6817,0.414,-12.059,,,
36.8670,11.6661,0.384,-12.088,,,
36.9000,11.6806,0.355,-12.088,,,
36.9330,11.6672,0.355,-12.118,,,
36.9670,11.6839,0.325,-12.118,,,
37.0000,11.6717,0.296,-12.147,,,
37.0330,11.6772,0.296,-12.177,,,
37.0670,11.6661,0.266,-12.177,,,
37.1000,11.6739,0.236,-12.177,,,
37.1330,11.6616,0.236,-12.206,,,
37.1670,11.6683,0.207,-12.206,,,
37.2000,11.6650,0.177,-12.236,,,
37.2330,11.6728,0.177,-12.236,,,
37.2670,11.6616,0.148,-12.266,,,
37.3000,11.6717,0.118,-12.266,,,
37.3330,11.6650,0.118,-12.295,,,
37.3670,11.6783,0.089,-12.325,,,
37.4000,11.6594,0.059,-12.325,,,
37.4330,11.6739,0.059,-12.354,,,
37.4670,11.6516,0.030,-12.354,,,
37.5000,11.6661,0.000,-12.384,,,
37.5330,11.6650,0.000,-12.384,,,
37.5670,11.6583,-0.030,-12.413,,,
37.6000,11.6616,-0.059,-12.413,,,
37.6330,11.6605,-0.059,-12.443,,,
37.6670,11.6494,-0.089,-12.443,,,
37.7000,11.6683,-0.118,-12.472,,,
37.7330,11.6494,-0.118,-12.472,,,
37.7670,11.6705,-0.148,-12.472,,,
37.8000,11.6572,-0.148,-12.502,,,
37.8330,11.6550,-0.177,-12.502,,,
37.8670,11.6683,-0.207,-12.532,,,
37.9000,11.6472,-0.207,-12.532,,,
37.9330,11.6439,-0.236,-12.561,,,
37.9670,11.6628,-0.236,-12.561,,,
38.0000,11.6472,-0.266,-12.591,,,
38.0330,11.6483,-0.296,-12.591,,,
38.0670,11.6605,-0.296,-12.620,,,
38.1000,11.6528,-0.325,-12.650,,,
38.1330,11.6483,-0.355,-12.650,,,
38.1670,11.6561,-0.355,-12.679,,,
38.2000,11.6439,-0.384,-12.679,,,
38.2330,11.6450,-0.414,-12.709,,,
38.2670,11.6439,-0.414,-12.709,,,
38.3000,11.6505,-0.443,-12.738,,,
38.3330,11.6561,-0.443,-12.738,,,
38.3670,11.6450,-0.473,-12.768,,,
38.4000,11.6505,-0.502,-12.768,,,
38.4330,11.6483,-0.502,-12.798,,,
38.4670,11.6450,-0.532,-12.798,,,
38.5000,11.6550,-0.532,-12.827,,,
38.5330,11.6416,-0.562,-12.827,,,
38.5670,11.6472,-0.562,-12.857,,,
38.6000,11.6394,-0.591,-12.857,,,
38.6330,11.6450,-0.621,-12.886,,,
38.6670,11.6472,-0.621,-12.916,,,
38.7000,11.6372,-0.650,-12.916,,,
38.7330,11.6472,-0.650,-12.945,,,
38.7670,11.6439,-0.680,-12.945,,,
38.8000,11.6472,-0.709,-12.975,,,